id,domain,status,purchase_price,renewal_price,attractiveness,demand,length,registrar,created_at,expires_at,status_verified_at
7e2cd35f-747c-49bf-98f1-0ac1009a8f1a,indifferent.me,available,9.99,19.99,high,low,11,namesilo,,,25/09/2026 11:06
55de8285-b6f4-4892-b821-156c4148e110,liturgical.me,available,9.99,19.99,high,low,10,namesilo,,,24/08/2026 07:40
525d8b3c-113c-4156-af65-19d9f133dd84,sweatier.me,available,,,medium,low,8,,,,
b2a055a1-275d-461b-ae3d-ac7deb1a8101,panpsychism.me,available,,,high,low,11,,,,
3f209a00-601b-4f43-bc05-795e3c361a87,farmgirls.me,available,,,medium,low,9,,,,
26997d35-0ba0-41d0-b1fd-0b28232285bf,seaport.me,resell,,,high,high,7,Dynadot Inc,14/08/2017 07:22,14/08/2027 07:22,26/09/2026 08:52
4b83398a-e20a-4c3a-8274-b323caa7483a,recoupment.me,available,,,high,low,10,,,,
17790d28-536d-4f50-9834-06ce71a1bdfb,pedagogic.me,available,1.98,23.98,high,low,9,namecheap,,,08/09/2026 12:15
ab670d94-40bb-43cf-ba6b-dc04d420c058,marbled.me,available,9.99,19.99,high,low,7,namesilo,,,24/08/2026 15:47
6ad7aced-5859-49d6-a921-e61071c7a81f,dovishness.me,available,,,high,high,10,,,,
f00db0a5-4328-4a83-ae47-48397b6a248e,undp.me,available,,,high,high,4,,,,
af3c5731-55ce-4ede-8d73-1508f6a983bb,tassels.me,available,,,high,low,7,,,,
902073ac-e858-41af-aaff-c00757e0dbb7,gramarye.me,available,,,high,high,8,,,,
163d02cc-7533-41f3-8e58-b74f7e1a6dd8,columbine.me,available,9.99,19.99,high,low,9,namesilo,,,19/09/2026 23:13
c142ef52-69f1-4134-a958-520e0021209a,same.me,resell,,,high,low,4,"GoDaddy.com, LLC",10/07/2008 03:30,10/07/2027 03:30,27/09/2026 17:53
59547bbe-b99b-46d7-86a9-42ac2d81d3a6,chervil.me,available,9.99,19.99,high,low,7,namesilo,,,19/09/2026 13:55
e46fb610-f849-439a-a64d-c665bdeb76b0,judder.me,available,,,high,high,6,,,,
9d11322f-2aef-4c47-be62-ec80147fba46,claremont.me,resell,,,high,low,9,,,,27/09/2026 08:22
5f957be2-aadb-4026-ba01-0f85882d408f,cashiering.me,available,,,high,high,10,,,,
d5baec06-0e38-4e1a-82ed-39d12c257cb0,playground.me,resell,,,high,medium,10,"Spaceship, Inc.",23/09/2010 03:00,23/09/2027 03:00,28/09/2026 02:56
37199775-4469-4e56-a325-3d4985eff1c0,rejoicing.me,available,9.99,19.99,high,low,9,namesilo,,,17/08/2026 19:50
e75612ad-d7db-4ecb-ac82-24461c87d44f,atwt.me,available,,,high,high,4,,,,
c26e763e-96c1-4603-a94d-47147c344ce0,concept.me,resell,,,high,low,7,Dynadot Inc,09/07/2008 17:02,09/07/2027 17:02,26/09/2026 05:10
6fe3b3d0-9f25-4aa8-9df2-48472ea2452a,admissable.me,available,,,high,high,10,,,,
e13ab840-c6b4-4809-bcf8-7aa172d1f183,richard.me,resell,,,high,low,7,"NameSilo, LLC",29/04/2008 18:02,29/04/2027 18:02,26/09/2026 08:40
662adca9-cc37-4c47-bf03-d3231924740a,coward.me,available,10.98,23.98,high,low,6,namecheap,,,24/09/2026 18:55
b893df1d-82e1-4b12-b11d-7ee9f15f45cc,sees.me,resell,,,medium,low,4,Dynadot Inc,28/09/2010 02:36,28/09/2027 02:36,26/09/2026 08:54
7cc452a6-6947-4d60-a51c-21d4e4140033,arrhenius.me,available,9.99,19.99,high,low,9,namesilo,,,20/09/2026 09:11
ce282440-b7d4-4b59-9a8b-bd11be976e58,wnl.me,available,,,high,high,3,,,,
95cb0759-0ede-47cc-aeb8-e3adaf0d0892,boroughs.me,available,,,high,low,8,,,,
f3d9b2ef-d1d3-405f-b9e2-d737c797e1d9,boroughhood.me,available,,,medium,low,11,,,,
f5295d48-00e2-476e-ad54-9578a1c9b10c,wishful.me,available,9.99,19.99,high,low,7,namesilo,,,25/09/2026 15:28
b0647e84-bc57-472c-b752-f1a7bb1ecea7,novorolsky.me,available,,,high,high,10,,,,
f730d66e-d2ea-4588-957f-17f6a31f4e0e,alaska.me,resell,,,high,low,6,"GoDaddy.com, LLC",08/08/2008 23:52,08/08/2027 23:52,26/09/2026 01:28
371c4b3d-eb90-443c-a882-21b490908fb1,eurogamer.me,available,10.98,23.98,high,high,9,namecheap,,,26/09/2026 05:54
d97b1a5f-42de-422a-b452-45dc0fad2310,rugmaking.me,available,,,high,low,9,,,,
d62d8f19-3e27-486b-8f38-26afbc236f9e,intensities.me,available,,,medium,low,11,,,,
9d6d26db-8007-43a6-a56c-8c6139add92d,expansibility.me,available,,,medium,low,13,,,,
b8322e4b-a3bb-4210-8508-caca5c3d1a3b,altcoin.me,resell,,,high,high,7,Dynadot Inc,02/05/2013 06:19,02/05/2027 06:19,26/09/2026 03:49
4e17701d-18a2-4f37-a69e-a689991b19da,hesperian.me,available,9.99,19.99,high,low,9,namesilo,,,21/08/2026 07:27
1d023a35-3d23-4097-80ff-48fedf5aa2aa,flatcar.me,available,,,medium,low,8,,,,
86a37b20-98b5-4114-a310-4c1e5cfc05a1,surrender.me,resell,,,high,low,9,Dynadot Inc,12/05/2017 01:06,12/05/2027 01:06,26/09/2026 09:26
d2b321c5-9efb-4cbe-a3a8-c2e5ac59da5a,wintel.me,available,,,high,high,6,,,,
9e9d0638-0326-40ef-a611-5d7c6342bf61,butyronitrile.me,available,,,medium,low,13,,,,
9e9866f9-9cf4-4ae1-beb4-7d0d9b9cba65,babyroussa.me,available,,,high,high,10,,,,
850045e7-c8e6-4255-ae98-01629e6219b2,curliness.me,available,,,high,high,9,,,,
77f007fc-b924-43fa-b921-7a2b880e1647,mascots.me,available,,,high,low,7,,,,
2f6f2b6f-6f36-46ac-b195-08f20bb54385,mortise.me,available,,,high,high,7,,,,
aa943630-bd9d-4284-9d70-187409f488a4,boisterous.me,available,9.99,19.99,high,low,10,namesilo,,,10/08/2026 17:38
85faa839-fa4f-42c9-b9d5-81393a87210b,missionaries.me,available,,,high,low,12,,,,
61cd0d37-9205-4e66-a1b7-386a716134c2,oatflake.me,available,,,high,high,8,,,,
70aed9f2-52d8-4ec2-8d7a-6e913c4b2099,nebulously.me,available,1.98,23.98,medium,low,10,namecheap,,,15/09/2026 16:18
95e2095d-e3b3-4494-9660-2ff890920d34,horseplay.me,available,9.99,19.99,high,high,9,namesilo,,,27/09/2026 05:49
dc2e191d-c797-40ad-8fec-0c6234644dc2,klezmer.me,available,,,high,medium,7,,,,
ed03985c-22d1-4529-b664-3f0e59d681cf,annular.me,available,9.99,19.99,high,low,7,namesilo,,,
55dafd9b-0687-4706-b457-0fef12f73913,aucklander.me,available,,,high,medium,10,,,,
c74bfbf0-67ea-4881-8373-2dd6dbed406b,ruffle.me,resell,,,high,low,6,"GoDaddy.com, LLC",06/12/2008 16:05,06/12/2026 16:05,26/09/2026 08:45
68cf626f-7d6c-43fd-97ee-2344bdc27737,nonjudgmentally.me,available,,,high,high,15,,,,
1de1f612-7310-4345-948d-c3a5db935b91,cannellini.me,available,,,high,high,10,,,,
4042ffa7-e7a5-428e-95ba-21731c67a6b5,cyberjournalism.me,available,,,medium,low,15,,,,
7e27fab0-6267-45c6-a7fc-e148ac9f38d1,powdered.me,available,9.99,19.99,high,low,8,namesilo,,,19/09/2026 15:51
76e7e822-4548-44e9-9fe9-0d767419342f,equable.me,available,9.99,19.99,high,low,7,namesilo,,,17/08/2026 11:33
47e9751f-d42c-452f-a582-2738a976273b,aberdare.me,available,9.99,19.99,high,low,8,namesilo,,,16/09/2026 15:08
9e95da49-072d-4ae0-a35f-e85bf0f4bb43,dour.me,available,9.99,19.99,medium,low,4,namesilo,,,14/08/2026 14:56
c45b5ed4-8d7a-40a5-a4e9-08596d4bf1a8,darius.me,resell,,,high,low,6,,,,27/09/2026 07:28
fa769141-e475-4c93-9f8a-fd99f2b6b71c,misprint.me,available,10.98,23.98,high,low,8,namecheap,,,24/08/2026 02:49
74d468cf-655f-40be-9eef-f606fdbbfd82,mouseprint.me,available,,,high,high,10,,,,
b78fd888-d83f-441f-b764-af74c8b56777,subtraction.me,available,,,high,high,11,,,,
e883d9f3-cfcd-443b-a9a9-a981a4e53038,morpheus.me,resell,,,high,high,8,Dynadot Inc,07/07/2016 01:06,07/07/2027 01:06,26/09/2026 07:38
51f7a005-8f93-40e2-99bf-7c629ef714a9,smickly.me,available,,,high,high,7,,,,
742eea67-368f-4b75-9c4d-c373d72cbaa9,majestically.me,available,,,high,high,12,,,,
57c9b1f5-2f42-45af-8d7c-f8e86bb4fbed,hallmate.me,available,,,high,high,8,,,,
5e69824b-5524-47e9-b083-2ea5034f4c94,get.me,resell,,,high,high,3,"GoDaddy.com, LLC",29/04/2008 18:00,29/04/2027 18:00,28/09/2026 05:20
98448be4-1ac0-415c-8ba5-ad1b911445be,justifiability.me,available,,,medium,low,14,,,,
e4f420ad-a106-4b3e-b2cb-8efc55b551db,handout.me,available,,,high,high,7,,,,
c6cfb47a-6515-44de-a4d1-f025b3506e12,gastronome.me,available,9.99,19.99,high,low,10,namesilo,,,17/08/2026 10:44
e18534f2-9845-45ae-88d2-156d1351d272,uncaused.me,available,9.99,19.99,high,low,8,namesilo,,,18/08/2026 12:45
daf41ef2-032e-409c-aae7-96e40cc2f399,stormflow.me,available,,,high,high,9,,,,
038e9ee0-1bd1-4810-b146-42293e73245c,novosibirsk.me,available,,,high,high,11,,,,
540b1ce7-6320-4e90-9608-717dd8a1d239,pacifism.me,available,,,high,high,8,,,,
89fe1c46-58bf-4941-ad63-ffd655961035,unangry.me,available,,,high,high,7,,,,
3b68ec7a-7cf8-446a-854a-e843d68859ef,choiceness.me,available,,,high,high,10,,,,
e7b1e0aa-7a43-4e4f-9c9e-dc9c03ad666f,racist.me,resell,,,high,low,6,"eNom, LLC",19/06/2026 17:22,19/06/2027 17:22,26/09/2026 08:28
0a2e645e-8358-45e5-b9c4-472f6ecb74f5,worried.me,resell,,,high,low,7,Key-Systems GmbH,26/04/2020 08:03,26/04/2027 08:03,26/09/2026 10:14
498a0c36-d7d1-47de-826d-90fe76dc563c,chiliburger.me,available,,,medium,low,12,,,,
e5d06136-4ef1-4d5b-bf25-fbfc330250ba,vertebrate.me,available,1.98,23.98,medium,low,10,namecheap,,,13/09/2026 04:35
8bf9dd6a-8ce6-43c0-904c-1183e27f2d7d,gameplay.me,resell,,,high,high,8,"GoDaddy.com, LLC",01/09/2012 09:21,01/09/2027 09:21,26/09/2026 06:19
b10f36e3-87dc-4e25-a2d4-dd2d14199622,bemesetron.me,available,,,medium,low,10,,,,
769d0490-8b75-429b-9b92-8953f2750a09,benthic.me,available,9.99,19.99,medium,low,7,namesilo,,,09/08/2026 14:45
4149a35e-78e3-4acf-ac02-2949d2c81657,reddened.me,available,1.98,23.98,high,medium,8,namecheap,,,09/09/2026 12:10
b52f6a73-4270-416b-8586-e51c3da5691e,banquets.me,available,,,medium,low,8,,,,
4399482e-d7df-4531-bd92-8b15beb1c448,conchagua.me,available,,,high,high,9,,,,
6ca1a1e8-ce62-4fb8-a1be-bce06b62a6ac,vaginal.me,available,1.98,23.98,medium,low,7,namecheap,,,13/09/2026 00:49
e06c5107-85db-43e6-8ab6-59715694c98e,homoeopathic.me,available,,,high,high,12,,,,
5b713aa1-eecf-43d9-aa1b-cb1596858674,pyjamas.me,available,9.99,19.99,high,high,7,namesilo,,,26/09/2026 08:26
9438b227-d972-4914-a728-ce3c8a6b7444,licenselike.me,available,,,high,high,11,,,,
b4342ccf-de64-47d3-8d98-34c63322148e,sculls.me,available,,,medium,low,6,,,,
8ea94d53-9842-49e6-9bd5-7c22a8726331,untouched.me,available,1.98,23.98,high,low,9,namecheap,,,12/09/2026 13:20
d4b89933-14cd-41f5-a387-0cad25e278ad,frenetically.me,available,,,high,high,12,,,,
85368dbd-f9dd-4475-8ceb-f179d865d39b,bullfights.me,available,,,medium,low,10,,,,
2b3487da-521a-4a9a-84f2-bbb47aa54046,bisulfite.me,available,,,high,high,9,,,,
237474bc-7b79-4a0b-a05b-f32aa9b1021f,unlockability.me,available,,,high,high,13,,,,
f26ea412-9835-4f98-b44f-5d8de2f5e72d,bedaubing.me,available,,,medium,low,9,,,,
7c1bd15c-56a6-4af4-9c8c-3e9d1fe72769,despite.me,premium,3749.99,,high,low,7,name.com,,,
dc2d46b3-259d-44ed-a910-2beb03503919,couplet.me,available,,,high,high,7,,,,
348263d2-a9b6-47d0-9c3a-a8d2932c9174,opposed.me,available,1.98,23.98,high,low,7,namecheap,,,04/09/2026 16:45
05fc1645-941a-45db-9b7f-a43bb1ab56ca,consensual.me,available,,,high,low,10,,,,
85aa1d46-603f-4f2a-958d-778dfe328dfe,whig.me,available,,,high,high,4,,,,
1d1948b0-a0f7-4d4a-99df-b1693ac8a7fe,horizontally.me,available,,,high,high,12,,,,
9fd978a7-cf0b-4b32-a0ec-ef56fc74f013,carriageway.me,available,,,high,high,11,,,,
ae3a3f38-8168-4cac-9c37-a1144c61bcd3,hippy.me,available,,,high,high,5,,,,
685ab299-7a43-43dc-ba3f-f30de7a00e78,bria.me,resell,,,high,high,4,Dynadot Inc,16/08/2014 04:43,16/08/2027 04:43,26/09/2026 04:36
6cd1cdd5-dba3-4f94-ab63-80c6c75622c2,apprised.me,available,,,high,high,8,,,,
afd4a907-299f-4bb1-92b4-2151fd306ce7,resulted.me,available,9.99,19.99,medium,low,8,namesilo,,,19/09/2026 00:26
a4fc684a-27c6-46b4-aed0-99243e2e7b5f,fallible.me,available,,,high,low,8,,,,
1c55db3d-8597-4a3a-a2fb-bda301b23708,derogative.me,available,9.99,19.99,medium,low,10,namesilo,,,14/08/2026 03:10
b72542fb-955c-4ae4-9a37-401801c77a96,phenotypes.me,available,,,medium,low,10,,,,
4b981579-2679-4ce8-aa95-a81c7fb28c2d,cargo.me,resell,,,high,low,5,Vautron Rechenzentrum AG,17/07/2008 15:01,17/07/2027 15:01,26/09/2026 04:46
19d92ad3-fcd2-4bb9-8711-2105918531bf,unwearable.me,available,1.98,23.98,medium,low,10,namecheap,,,12/09/2026 22:31
6885be68-7ec3-46ba-8404-b036fa167a8e,yao.me,resell,,,medium,low,3,ER-TE BG PLC,13/12/2021 14:30,13/12/2026 14:30,28/09/2026 07:58
d1136587-3033-422b-b768-7bd5ed92561f,frienemy.me,available,,,high,high,8,,,,
77a0b4d2-b919-4984-b690-e98f1badb4ba,dreadlock.me,available,,,high,high,9,,,,
bf133e50-e693-4b6a-a64a-988489932714,twizzle.me,available,,,high,high,7,,,,
07743fc1-0376-44a0-bc33-1622cbe6e0b0,forceful.me,available,9.99,19.99,high,low,8,namesilo,,,18/08/2026 11:13
b887bacd-7860-480a-95ad-ae5296ad0c5d,shambolic.me,available,1.98,23.98,medium,low,9,namecheap,,,10/09/2026 05:51
22fa04ea-8786-4ae6-9f05-f5c070bfb176,olfactorily.me,available,,,medium,low,11,,,,
3f14e3c6-8c20-4cbe-9cb0-da2697a9de88,promethean.me,resell,,,high,high,10,Porkbun LLC,17/02/2026 12:05,17/02/2027 12:05,26/09/2026 08:22
9864ba10-c353-43f3-ad71-f4187adc57e0,interrelated.me,available,,,high,high,12,,,,
5aacf407-3f31-4757-87b0-fd8c47b17eb4,antimalarial.me,available,,,high,high,12,,,,
eab358be-2363-4ea4-99e0-8840a548033a,placidness.me,available,,,high,high,10,,,,
490d8247-7496-4310-97ea-e4458376f327,wayward.me,resell,,,high,low,7,"Spaceship, Inc.",05/05/2026 15:33,05/05/2027 15:33,26/09/2026 10:05
0dab6419-4bf9-4259-b03e-5a1ead65e836,chinquapin.me,available,9.99,19.99,high,low,10,namesilo,,,18/09/2026 10:57
5e3e0c77-ba1d-490c-a2a9-104341ee2f91,civilisation.me,available,,,high,high,12,,,,
f4854de3-144d-48e0-8cb5-1575318bf164,fingerite.me,available,,,medium,low,9,,,,
3762b1f1-136b-4a01-ab71-6cb67a4078ce,credulitive.me,available,,,medium,low,11,,,,
f6bd4255-9008-4473-83ba-d8f66869af1e,frito.me,available,,,high,high,5,,,,
fe654138-74e4-4a07-a4b9-c8363be18970,dominicans.me,available,,,high,low,10,,,,
815a46ed-30bb-4ebc-ac1e-cb3f91d53510,thundered.me,available,9.99,19.99,medium,low,9,namesilo,,,20/09/2026 16:05
de6d0764-1706-41d0-98a8-650f75d79478,seats.me,resell,,,high,low,5,Dynadot Inc,18/11/2016 01:05,18/11/2027 01:05,26/09/2026 08:53
0d74e3ad-c403-4b35-8ee8-fa646f20c9a1,withered.me,available,10.98,23.98,high,low,8,namecheap,,,25/09/2026 15:29
bea3f8b9-384c-4949-a7ab-b4c479d645ae,polytonal.me,available,1.98,23.98,high,low,9,namecheap,,,08/09/2026 23:33
db2a64d5-ff55-4d1e-a957-854fc8699795,overtly.me,available,1.98,23.98,high,low,7,namecheap,,,15/09/2026 18:31
9a0196be-26c4-45b7-bcb2-b70cd0c45c27,symbolize.me,available,9.99,19.99,high,high,9,namesilo,,,27/09/2026 05:11
ac02af44-becb-4bb9-a183-6694795d9f7e,barbecues.me,available,9.99,19.99,high,low,9,namesilo,,,21/09/2026 08:34
aa8d7774-afc5-44ac-a623-e6791048eeed,adhd.me,resell,,,high,medium,4,"GoDaddy.com, LLC",17/07/2008 16:58,17/07/2028 16:58,26/09/2026 01:22
2ecd2045-cebf-45e1-9afd-fad2b6304aca,role.me,resell,,,high,low,4,Dynadot Inc,30/09/2021 14:30,30/09/2027 14:30,28/09/2026 04:54
d9a6e477-1e87-44d3-ac1d-552f8637c407,snowflakes.me,resell,,,high,low,10,Dominet (HK) Limited,25/06/2026 13:47,25/06/2027 13:47,26/09/2026 09:07
37ca1f01-b69b-4f4b-a246-030bac7dbebf,glaucophanes.me,available,,,low,low,12,,,,
bbb3276f-8a21-48c9-a077-c4a3a2dc8a82,handrails.me,available,,,medium,low,9,,,,
c7a7323e-2c9e-4064-8048-f6cbf3835a03,organizers.me,resell,,,high,low,10,Atom.com Domains LLC,05/09/2025 14:56,05/09/2027 14:56,26/09/2026 07:56
92b2fd1f-5cb0-43a8-ac43-0492b294ed97,combat.me,resell,,,high,low,6,"GoDaddy.com, LLC",17/07/2008 15:11,17/07/2027 15:11,26/09/2026 05:07
8a407626-89cc-4194-a6b6-38f438350270,stretchable.me,available,,,high,high,11,,,,
62bb11e5-c06b-4bcc-9e7a-4ff9beb00d9e,llb.me,resell,,,high,low,3,"Chengdu West Dimension Digital Technology Co., Ltd.",16/04/2026 12:06,16/04/2027 12:06,26/09/2026 07:16
5adb73e6-1afd-4931-ac5c-9706859132ac,narial.me,available,1.98,23.98,medium,low,6,namecheap,,,03/09/2026 13:14
fe02d425-75fd-42ed-9b0c-04fe040704cc,polyvalent.me,available,1.98,23.98,high,low,10,namecheap,,,08/09/2026 23:35
5e8e4cfc-7e9d-4321-af17-2e7ff5ae2299,steel.me,resell,,,high,low,5,"GoDaddy.com, LLC",29/04/2008 18:03,29/04/2029 18:03,26/09/2026 09:17
2a40c10b-076a-4326-b04b-6bafeb279755,carlisle.me,resell,,,high,low,8,Alibaba Cloud Computing Ltd. d/b/a HiChina (www.net.cn),06/06/2026 06:17,06/06/2027 06:17,26/09/2026 04:47
f9d65d3c-8131-4a1d-ab26-2bbf7e67e98e,stende.me,available,,,high,high,6,,,,
67cb83cf-3cd9-489b-9c88-d067dbcb3fe6,lysol.me,available,,,high,high,5,,,,
86171056-af5d-4810-b63d-1021571a5fcf,taal.me,resell,,,high,low,4,"GoDaddy.com, LLC",06/08/2024 06:02,06/08/2027 06:02,26/09/2026 09:29
540f332c-4b85-40e5-ac1a-03785802b5d5,blood.me,resell,,,high,low,5,Dynadot Inc,17/07/2008 15:10,17/07/2027 15:10,27/09/2026 03:17
e63f3757-95eb-42be-9a6b-6ae823ca9146,postimpressionist.me,available,,,high,high,17,,,,
fbe68d3b-1967-4068-8468-fa1f792b5237,derestrict.me,available,,,high,high,10,,,,
f8c8ce1a-c52e-41b0-b048-fb87adef9b75,flatbottom.me,available,9.99,19.99,medium,low,10,namesilo,,,18/08/2026 06:51
1b280605-1857-43e9-89b7-9795f6bfcdcf,actrice.me,available,,,high,high,7,,,,
421b5847-bc46-4b67-ba2b-b54c1faa355d,outsized.me,available,1.98,23.98,high,low,8,namecheap,,,04/09/2026 19:40
597b0c3d-f974-4bbe-a658-c915c93ff24f,shoebox.me,available,,,high,high,7,,,,
da7dd99f-a727-4e99-abce-2c9c1c9a140f,incurred.me,available,,,high,high,8,,,,
b2786d5e-33be-4eed-a3f7-435570e78bd3,anklets.me,available,9.99,19.99,high,low,7,namesilo,,,19/09/2026 09:46
5bc00f74-478f-4d2f-90d2-c836eff2fb06,soundscape.me,resell,,,high,high,10,Unstoppable Domains Inc,20/04/2011 21:49,20/04/2027 21:49,26/09/2026 09:10
892e4ca3-59dd-477b-9cd9-de592c5d86fb,clanking.me,available,9.99,19.99,high,low,8,namesilo,,,12/08/2026 09:33
8d150506-57d9-4b13-8c6a-71f21bf13e97,vouched.me,available,,,high,medium,7,,,,
ddf0c3a0-22e6-4592-9322-5fbb3d777afe,maliyah.me,available,,,high,medium,7,,,,
83833874-aa27-4a5b-9bf8-e059f8576b0c,towered.me,available,,,high,low,7,,,,
e8375fe8-3b40-4524-a33f-c6bb4c86f8d1,fathomable.me,available,9.99,19.99,high,low,10,namesilo,,,17/08/2026 23:40
12d6b325-3d95-4e02-a880-39d699039b96,unficyp.me,available,,,high,high,7,,,,
d6e200ae-1d65-4569-95f3-d62343c7f7ce,wicklewood.me,available,,,high,high,10,,,,
669e6426-e4fa-4477-b2e1-5c86b3482e89,cowl.me,available,,,high,high,4,,,,
c903b0a5-0edb-42f5-ac52-9ff5e8caea54,scrimpy.me,available,10.98,23.98,medium,low,7,namecheap,,,24/08/2026 18:10
038abef2-0c89-4824-afce-e5e87b44e783,river.me,available,,,high,low,5,,,,
60e046a9-51bd-49f3-aaf6-14c0aa861f5c,precociously.me,available,,,high,high,12,,,,
0a7c66f1-5383-43d5-bb46-390ebba08c66,lordotically.me,available,,,medium,low,12,,,,
f766abc9-83e1-4850-907d-6d602adade7e,corking.me,available,9.99,19.99,high,low,7,namesilo,,,08/08/2026 12:20
df39fa49-68b1-495f-8ba6-de76fd58cdf7,harpullia.me,available,,,high,high,9,,,,
146e2516-94c3-4be6-8e4f-88b01979d610,dotlike.me,available,,,high,high,7,,,,
297d199f-80d3-45d5-ac70-4a96f5d3a97e,montreal.me,resell,,,high,low,8,Dynadot Inc,20/09/2016 01:15,20/09/2028 01:15,26/09/2026 07:37
f52b3ae0-2cf5-4d41-b820-500c76579e02,fireguards.me,available,,,medium,low,11,,,,
750ce945-0ccc-4804-b3ff-a93b8997a89e,aluminium.me,resell,,,high,low,9,Dynadot Inc,20/08/2016 01:19,20/08/2027 01:19,26/09/2026 03:49
46b1be61-7871-415a-8dca-6f306968449b,cruddy.me,available,9.99,19.99,medium,low,6,namesilo,,,13/08/2026 08:44
02b5f35b-c061-4449-840c-bd57144dea32,andradite.me,available,9.99,19.99,medium,low,9,namesilo,,,19/09/2026 04:09
4e90d906-9e60-498e-95a3-9117db2de3f0,rickshaws.me,available,,,medium,low,9,,,,
ff5f500a-4eac-4f3a-aadc-6689a4f1cee1,putted.me,available,,,medium,low,6,,,,
84ed69bf-f860-44cf-9092-378a20ad1277,concatenation.me,available,,,high,high,13,,,,
d8375735-4afa-48b6-b23c-9cc275c7ec9c,knife.me,resell,,,high,low,5,"GoDaddy.com, LLC",17/12/2017 01:06,17/12/2026 01:06,26/09/2026 07:06
9d0a6d27-2500-4295-be43-4ff4e545f446,moratorium.me,available,,,high,high,10,,,,
3fd65675-ad2c-4d47-ad62-7b2ee0fdd078,surging.me,available,9.99,19.99,high,low,7,namesilo,,,09/08/2026 21:44
aed51d46-c3eb-44db-a304-074d2ed0f4a6,factorizing.me,available,,,high,high,11,,,,
b35b26bc-a977-4c2e-b907-2ba94a77d8e6,overrule.me,available,,,high,high,8,,,,
4774cf36-b3ec-4463-9369-768fbf805d2d,federalisation.me,available,,,medium,low,14,,,,
82736f78-979c-4ece-912b-7ec396641e15,acclaimers.me,available,,,high,low,10,,,,
ccb59f34-7249-4577-9c37-cd81c5ad58d1,preventively.me,available,,,medium,low,12,,,,
9bcecc0f-07e7-41b1-9dac-89ef304f04df,crevice.me,available,9.99,19.99,high,low,7,namesilo,,,13/08/2026 04:16
91dd4a2f-2c75-4b8b-a458-56aeb354abf0,repayments.me,available,,,high,low,10,,,,
127d853c-056b-49f5-8b1b-f117f3769d52,haviour.me,available,,,high,low,7,,,,
a521b663-9cc8-46cd-91af-2214a7ef1d0f,lovesome.me,available,9.99,19.99,high,low,8,namesilo,,,
32853189-d6d4-4414-8c4e-022f30e27504,pulpboard.me,available,,,high,high,9,,,,
a13826b2-5dd5-4c0e-833e-7169e3d00e15,perusal.me,available,,,high,high,7,,,,
dc3677ca-0fc4-4443-af91-b5217f499a71,nonreusable.me,available,,,high,high,11,,,,
70e062dd-0710-4733-8f97-feccb9a95cac,hawking.me,available,,,high,high,7,,,,
7d57123a-3cd6-4356-89da-02a1947ea7a9,snoozeti.me,available,,,high,high,10,,,,
49da1f03-f25f-4d9d-8b34-eb31254563b2,aunts.me,available,9.99,19.99,medium,low,5,namesilo,,,18/09/2026 15:51
35ff17e3-d45a-4513-8e44-f619a516b9f3,sounded.me,available,9.99,19.99,high,low,7,namesilo,,,
b530cfab-d56c-4a27-96ba-2cff5612f534,chute.me,resell,,,high,high,5,Dynadot Inc,17/05/2009 22:05,17/05/2027 22:05,26/09/2026 04:56
e0cf14fc-4e98-4407-9df7-232997e3171c,theoretic.me,available,1.98,23.98,high,low,9,namecheap,,,11/09/2026 12:54
8caec4f6-bfc8-4ff9-af10-9eb3494c93fe,ibiza.me,resell,,,high,high,5,"Sav.com, LLC - 23",28/07/2026 15:15,28/07/2027 15:15,26/09/2026 06:47
9a9ca730-01b2-44e9-b7a3-a8efcbf2abf9,embellished.me,available,,,high,high,11,,,,
22989076-8e80-4b93-9cc7-24a52fa92ba3,pumplike.me,available,,,high,high,8,,,,
06835700-6cde-4254-82af-b532be70217b,comeatable.me,available,,,high,high,12,,,,
f318834b-3578-4cc9-8167-92309084bb27,wichnor.me,available,,,high,high,7,,,,
90fa8016-fc88-40dd-b766-894be283d6ac,lutetium.me,available,9.99,19.99,high,low,8,namesilo,,,20/09/2026 23:39
426e9937-ef4c-4400-92e8-b837e610d0bd,unambiguous.me,available,,,high,high,11,,,,
1cfa8878-0995-4178-98de-85c20a48ab04,blackfoot.me,resell,,,high,low,9,"GoDaddy.com, LLC",19/07/2008 06:43,19/07/2028 06:43,26/09/2026 04:28
ee44c552-e33e-4424-b9c1-e60060e0a837,primarily.me,available,9.99,19.99,high,low,9,namesilo,,,
a14b3cec-9c5c-4fd3-a6a9-ab10595444b0,sheepwash.me,available,,,high,high,9,,,,
4b213f5a-388e-4e29-89dd-2a38d3a1b438,facial.me,resell,,,high,low,6,"GoDaddy.com, LLC",25/07/2008 06:20,25/07/2028 06:20,26/09/2026 05:59
be241876-d2b8-47cb-bab9-380eb2f2bdb9,outings.me,available,,,high,low,7,,,,
a9cae688-7027-4741-94d4-0b17767c2e69,alcohols.me,available,10.98,23.98,medium,low,8,namecheap,,,20/09/2026 18:31
a5122727-a845-422a-8f70-01d2b32e43cd,stews.me,available,,,high,low,5,,,,
fa826369-73bb-492e-8974-8b80f0413a72,copasetic.me,available,9.99,19.99,high,low,9,namesilo,,,13/08/2026 00:20
85c957df-2968-459a-8d3a-5db672905d52,beautifiers.me,available,,,high,low,11,,,,
7d570483-3004-404d-b130-71a927f0bd8b,provident.me,resell,,,high,low,9,Dynadot Inc,14/04/2015 04:05,14/04/2027 04:05,26/09/2026 08:23
1cbb45b2-bcbe-4295-ba86-3658a2537662,determinately.me,available,,,high,high,13,,,,
ed2a592c-2b1b-49ae-8c73-1de12f0e32e7,woofing.me,available,,,high,high,7,,,,
2f48ed34-4c95-4226-97a0-46eecf866b2f,domesticated.me,available,16.56,16.56,high,high,12,cloudflare,,,28/09/2026 02:17
ee2acaaa-5ef8-4c10-8e2b-7bf6dabe4271,hearkening.me,available,,,high,high,10,,,,
ad1809ea-ef2d-4955-8745-473693a57bab,descender.me,available,,,high,high,9,,,,
91163794-5ffe-4533-a01e-99be61c5dd19,nerdly.me,available,,,high,high,6,,,,
7d9fb1da-382c-4121-9dd7-b42559526405,sisyphean.me,available,1.98,23.98,medium,low,9,namecheap,,,10/09/2026 08:58
1613d815-d7fa-4361-81c8-55328cc9d25c,plowwoman.me,available,,,high,high,9,,,,
6ed013f8-3a6a-48c0-aa7f-43af56f91dac,sufficiently.me,available,,,high,high,12,,,,
154a50e5-ef57-4828-9695-fbd44d3fad7d,handsels.me,available,,,high,low,8,,,,
956a4a20-a259-4cb8-a4c4-ca30cf9ed2e0,airfoil.me,available,9.99,19.99,high,low,7,namesilo,,,17/09/2026 12:59
f6180c77-0318-4655-bd60-33ac4774d811,pollution.me,resell,,,high,low,9,"Spaceship, Inc.",17/07/2008 16:52,17/07/2027 16:52,26/09/2026 08:14
46f009ac-dc48-4c95-9320-2d542deacb5d,normalizing.me,available,,,medium,low,11,,,,
aba2fc34-1523-4aa7-84ac-ec623800edf9,scarred.me,available,9.99,19.99,medium,low,7,namesilo,,,25/09/2026 17:02
90a9daf9-887a-4d7e-8c9d-465c8774e796,historied.me,available,9.99,19.99,medium,low,9,namesilo,,,21/08/2026 09:53
2a8e2a6e-915e-42d3-8ebd-cf78ab7c787c,nanoenzy.me,available,,,high,high,10,,,,
97663d8f-2d24-4f6e-848d-6175fe33542e,officiating.me,available,11.99,27.99,high,low,11,name.com,,,
3e6f44da-1232-4276-bc1b-260206abeb75,garamond.me,available,,,high,high,8,,,,
5d73c217-e02f-45b3-a804-30bb9d46ddbd,platonically.me,available,,,high,high,12,,,,
6385cdc0-1b51-4372-afb6-fc599085f596,reversions.me,available,,,medium,low,10,,,,
8f81ec20-1db8-4585-bc3e-850e9560cbdf,jumbled.me,available,9.99,19.99,medium,low,7,namesilo,,,21/08/2026 08:39
19b6b684-a0c5-4c5e-9ba8-c5cc2362afc7,chiropractics.me,available,,,medium,low,13,,,,
86ab744c-f5ce-4437-ae79-7548249a9588,midwinterly.me,available,,,medium,low,12,,,,
c8730449-8fa6-4099-b51f-f20bf6da24e7,orangeness.me,available,,,high,high,10,,,,
9d0c1184-de7b-410a-8621-e4ebaa737dfa,coffeeberry.me,available,9.99,19.99,high,low,12,namesilo,,,
dba1e2c8-6208-4656-bb94-01f2dc743a79,upregulation.me,available,,,high,low,13,,,,
189c5d00-4327-420e-a119-7a917976a41d,milkhouse.me,available,,,high,high,10,,,,
7377d84d-9d8a-42f0-a074-9660fa5dc3b6,encampment.me,available,1.98,23.98,high,low,10,namecheap,,,08/09/2026 09:14
824b1dd5-7460-49f7-bf92-6e45709ef56b,chineseness.me,available,,,high,high,11,,,,
1b214456-243e-4611-8b23-d7bb447f73f7,illuminatingly.me,available,,,high,high,14,,,,
d888657f-df52-402d-954d-7fe19ccc0ec4,persistent.me,available,,,high,low,10,,,,
aba66dc7-dea8-4169-894a-c705cd194581,centimeter.me,available,10.98,23.98,high,low,10,namecheap,,,24/09/2026 13:34
9be30e2b-1466-4470-950c-893dab3ba56b,frankie.me,resell,,,high,low,7,Dynadot Inc,31/10/2015 04:31,31/10/2027 04:31,26/09/2026 06:14
daecf2ab-e479-4717-9491-70a9ebf67097,bardic.me,available,10.98,23.98,high,low,6,namecheap,,,08/08/2026 18:00
f86ed143-cf97-4ddb-84c2-aa5e342bf31b,sinhala.me,resell,,,high,medium,7,"NameCheap, Inc.",01/09/2010 22:36,01/09/2027 22:36,26/09/2026 09:02
08ec83bf-2eeb-409c-a96a-e621e9c8a3f5,sorts.me,available,13.99,27.99,medium,low,5,name.com,,,27/09/2026 10:13
64c69197-60c5-4298-96ef-8e2ebad1de32,sidling.me,available,,,high,high,7,,,,
3be91236-c4c3-4fd5-9b3b-f9158404fcab,capstans.me,available,,,medium,low,8,,,,
76e74304-9682-45ab-b761-49545204f311,adventurousness.me,available,,,high,high,15,,,,
b26d5849-4ebd-4548-94c4-62d066c29534,madrassas.me,available,,,medium,low,9,,,,
0edf1ba6-b714-451a-b213-6f34f9a87b87,operose.me,available,9.99,19.99,medium,low,7,namesilo,,,06/08/2026 17:05
ff5f1c5b-a31d-41c0-84cb-9e4107d4e679,alternateness.me,available,,,high,high,13,,,,
bc4b7459-1d50-4ace-8517-a86c6356f889,auriferous.me,available,9.99,19.99,high,low,10,namesilo,,,22/09/2026 13:02
97962669-c447-407a-9491-109745086ccd,nuneaton.me,available,,,high,high,8,,,,
000196c1-639b-489a-9ba3-93aa595ed753,servicing.me,resell,,,high,high,9,"NameSilo, LLC",11/09/2026 23:01,11/09/2027 23:01,26/09/2026 08:56
ca5ce2c9-9d68-4263-b546-2aa3c8ac0fa8,franc.me,resell,,,high,high,5,Dynadot Inc,19/03/2019 07:07,19/03/2027 07:07,26/09/2026 06:14
e14baa2a-7dac-4206-b46b-bea4547cfbb7,shucks.me,available,,,high,low,6,,,,
e0add289-056e-426f-a602-76a2dda54fee,beatle.me,available,9.99,19.99,high,high,6,namesilo,,,27/09/2026 05:41
7db8d078-c811-40b6-89be-2426718a188b,inaudible.me,available,9.99,19.99,medium,low,9,namesilo,,,22/08/2026 00:33
beb8fea5-fb48-4efe-95b0-17ddefffbc9d,catproof.me,available,,,high,high,8,,,,
5bf81e64-346e-42b8-ac21-b7fee246c8e5,dissimilar.me,available,9.99,19.99,high,low,10,namesilo,,,14/08/2026 12:48
d4a7ceec-1e1e-4f98-85c9-b4a8aa7c985d,cheesiness.me,available,,,high,high,10,,,,
3ca52e61-512a-4a4b-95f6-f9829f74e0f1,worthed.me,available,,,medium,low,7,,,,
586710ce-b855-4204-bbb7-614c868ea285,oneirologist.me,available,,,high,high,12,,,,
a61a188d-57ef-48be-803d-f0129bcedf79,archetypal.me,available,9.99,19.99,high,low,10,namesilo,,,06/08/2026 15:32
8c50fa04-b3da-459e-aade-230d9ab59f5f,designates.me,available,,,medium,low,10,,,,
449a3f47-768a-4a89-a60b-daa720094c10,haberdasher.me,available,,,high,high,11,,,,
1bf353dc-89f6-4794-bbc9-9ca737d7a08f,crossref.me,available,,,high,high,8,,,,
5f014ca8-18a2-4d21-8fc2-8e22123a5e89,prearranged.me,available,,,high,high,11,,,,
030280ad-3d37-480e-a370-300155ef85de,boxboard.me,available,,,high,high,8,,,,
3d17a5dc-198f-4dd8-9619-2600d8622b5c,owning.me,resell,,,high,low,6,Dynadot Inc,06/04/2011 03:46,06/04/2027 03:46,26/09/2026 07:59
9eaea2b2-9af1-4ace-af85-80bb0f39d1f8,blazon.me,resell,,,high,low,6,"NameSilo, LLC",11/09/2026 22:57,11/09/2027 22:57,26/09/2026 04:28
08fd57d2-8287-47c2-98e6-2014769f834c,astronautics.me,available,,,high,high,12,,,,
87d9b0ba-36b7-432c-bf0a-7c73baf4f53c,corregidor.me,available,9.99,19.99,medium,low,10,namesilo,,,22/09/2026 13:13
aeb0fc9d-8408-4c71-b84c-5bff2f173d59,greenhouse.me,premium,3750,27.99,high,low,10,name.com,,,20/08/2026 19:51
c71483c8-77a1-4761-b4cd-1babccfe2c17,outgrowth.me,available,,,high,high,9,,,,
8a1a42a8-0b96-4645-98e6-515dec90bd07,caricaturish.me,available,,,high,high,12,,,,
3077cf98-66e0-4315-ab6b-846fda6f326b,trusteeships.me,available,,,medium,low,12,,,,
5d0248c1-97d9-4251-bb96-76fa38ca0c19,straddling.me,available,,,high,high,10,,,,
c598196e-91a9-416e-a30a-7e532b73efe8,hotelling.me,available,,,high,low,9,,,,
f6ac4949-194b-4681-8172-5906f6570583,neurological.me,available,,,high,low,12,,,,
aeaf758e-1919-4d6e-9aef-b5e4fdda66c8,washington.me,resell,,,high,low,10,"Spaceship, Inc.",29/04/2008 18:03,29/04/2027 18:03,26/09/2026 10:04
c8f5c3a5-befc-46d4-b910-ab87be01f336,allusions.me,available,,,medium,low,9,,,,
f9b19aad-53df-496c-9197-91783d54878d,fredericton.me,available,,,high,high,11,,,,
3e12a142-5e1c-49b7-8402-0b8afcaa0dae,frore.me,available,9.99,19.99,medium,low,5,namesilo,,,18/08/2026 16:21
c1be2490-9664-4ac2-96f9-83894957fab2,henpecked.me,available,9.99,19.99,medium,low,9,namesilo,,,21/08/2026 06:42
74f64ac2-ee10-42de-b9f6-3f0af11ea167,vividity.me,available,,,high,low,8,,,,
eb9cbc6c-a013-4d86-b92e-e5e99599f11d,atikaya.me,available,,,high,high,7,,,,
cd79ce52-36fd-45ce-8f62-dde4af6a4848,grenadine.me,available,,,high,high,9,,,,
0635374d-2abe-4f31-b0d0-b75c0ed190dd,gauche.me,available,9.99,19.99,medium,low,6,namesilo,,,18/08/2026 20:41
8097ff82-67a7-463d-8b6e-093c5b06bbf3,belching.me,available,9.99,19.99,high,low,8,namesilo,,,23/09/2026 04:36
c83210ba-0f00-4619-947d-41576cec38ec,smoggie.me,available,,,high,high,7,,,,
9a37f8b3-9dac-44fe-91eb-9657e779c2dd,stickball.me,available,,,high,high,9,,,,
ed7c8984-8fda-44c9-a58c-fa4ba367daa4,aberrant.me,available,9.99,19.99,high,low,8,namesilo,,,
c4a54c91-3b47-4582-ba8a-c0eb280d6a3f,publicizer.me,available,,,high,high,10,,,,
5cfe56c8-b0cf-4ef4-8242-f6290c80cea5,halibut.me,available,9.99,19.99,high,high,7,namesilo,,,26/09/2026 06:33
eb829920-4542-47ad-bce8-22dc7f47727e,inconspicuously.me,available,,,high,high,15,,,,
8f6d89e8-4178-4e3e-8971-7f44e9a8536a,stepwise.me,resell,,,high,low,8,"eNom, LLC",15/05/2026 08:12,15/05/2027 08:12,26/09/2026 09:18
47a8e093-332d-4194-82fc-ff84ad766e24,wallaby.me,resell,,,high,high,7,Dynadot Inc,14/07/2024 06:25,14/07/2027 06:25,26/09/2026 10:03
e15d6c1e-5eb4-44bd-814a-63296f480465,spareness.me,available,,,high,high,9,,,,
16bb7834-c116-48db-ba34-18e10f0a88fd,finable.me,available,9.99,19.99,medium,low,7,namesilo,,,18/08/2026 04:28
5727f378-0f0c-42b9-8426-311c4042ad12,room.me,resell,25286.2,27.99,high,low,4,Dynadot Inc,22/09/2025 15:15,22/09/2027 15:15,28/09/2026 06:11
79ccf024-76e4-4c3f-af3c-e18cbb02f9d2,spurs.me,available,,,high,high,5,,,,
4d6f41a5-0402-4873-bf74-f4ce328af626,ostrich.me,resell,,,high,high,7,Dynadot Inc,30/08/2016 01:26,30/08/2027 01:26,26/09/2026 07:57
dd7bb30c-bd21-4152-b283-d555460c8caf,enforces.me,available,,,medium,low,8,,,,
14e0783b-a47f-4ee1-997b-fbef257c4dc7,divestment.me,available,,,high,low,10,,,,
20c20eb7-858b-45c9-bf02-1080b342ffa7,transplanting.me,available,,,high,medium,13,,,,
6cc7ae52-8aba-4932-b89f-4db367629a32,fashionable.me,resell,,,high,high,11,"Spaceship, Inc.",17/07/2008 15:02,17/07/2027 15:02,26/09/2026 06:01
e06ae7c2-6937-4fe9-8f8c-96608e361f4e,advantaged.me,available,,,high,high,10,,,,
3acce577-9fa9-47e0-babf-30d0d89fa11e,satisfy.me,resell,,,high,low,7,"GoDaddy.com, LLC",30/07/2008 09:08,30/07/2027 09:08,26/09/2026 08:49
0d201d57-4e8b-4497-b39c-3d8536063950,semicircular.me,available,,,high,high,13,,,,
6a57bdff-02e4-4958-b2db-fc8f0a92d45d,metaphoric.me,available,9.99,19.99,high,low,10,namesilo,,,24/08/2026 21:45
6fa04161-944f-4faa-b84b-0bdc2c3c6a12,pubescent.me,available,1.98,23.98,high,low,9,namecheap,,,09/09/2026 05:15
1620cbe3-f0f1-4b16-a420-59f88373652d,rotarians.me,available,,,medium,low,9,,,,
582da42c-e5ef-42c1-b0c7-ce867992a83f,tension.me,resell,,,high,low,7,"GoDaddy.com, LLC",02/08/2008 00:47,02/08/2027 00:47,27/09/2026 14:38
2156cd8b-378a-4d54-983e-76ba0f8d71d1,knitbone.me,available,,,high,high,8,,,,
f0d87b8f-b3e5-442a-bfda-8900e64ae29b,anemone.me,resell,,,high,low,7,Dynadot Inc,12/01/2026 17:00,12/01/2027 17:00,26/09/2026 03:52
44eaf5e5-9a09-45e4-9039-0d7f825a4476,megaton.me,resell,,,high,high,7,Alibaba Cloud Computing Ltd. d/b/a HiChina (www.net.cn),06/06/2026 06:34,06/06/2027 06:34,26/09/2026 07:30
fe4fe2e3-a987-4349-a9fe-afe5f03285b7,braggart.me,available,9.99,19.99,high,low,8,namesilo,,,11/08/2026 01:16
d7811db8-8891-4b20-9960-3fafa8102dc8,ejective.me,available,,,high,high,8,,,,
8ff062e0-b399-49d4-9f13-cbbd20040c6e,starter.me,resell,,,high,low,7,"GoDaddy.com, LLC",19/11/2010 05:54,19/11/2026 05:54,26/09/2026 09:16
e6285743-be97-4702-bada-145e91ba910d,parhelic.me,available,1.98,23.98,medium,low,8,namecheap,,,08/09/2026 01:31
235ab8c0-4e40-41e2-9f21-c22775c5e3d2,karabiner.me,available,,,high,high,9,,,,
9dea7b1e-c78d-4a0e-843a-d55506dc6711,baserunners.me,available,,,medium,low,11,,,,
4e3af99a-df0e-4468-a701-fc083c6ba71c,alphabetization.me,available,,,high,high,15,,,,
e6377261-4902-4053-9f00-fcbc2e4e33ab,gershwin.me,available,,,high,high,8,,,,
57080c95-e5cf-40ac-97ce-88ff12536515,screwdriver.me,available,,,high,high,11,,,,
74eb4ef4-a45c-4f5b-ac69-e5049390a388,philosophy.me,resell,,,high,low,10,Dynadot Inc,10/07/2008 03:30,10/07/2027 03:30,27/09/2026 13:03
0888ebf2-edc6-469f-be83-46e58dddad60,selfassertive.me,available,,,high,high,14,,,,
2d21210a-fafd-4451-8244-b9a1240119e9,bookbuilds.me,available,,,medium,low,10,,,,
46b86d9d-9d93-4bea-bc64-e9912ae973fa,indicating.me,available,,,high,low,10,,,,
b83f475a-a8f3-4076-8315-12ea5e7c5937,troposphere.me,available,,,high,high,11,,,,
af15c2cd-351f-43b6-aa01-f16e13bf57ec,auchengray.me,available,,,high,high,10,,,,
8976113f-3094-4539-92e6-a10dda1f652f,washtubs.me,available,,,medium,low,8,,,,
6ed291c3-2dd3-44fb-96fd-71d0f8a68a75,tricksy.me,available,9.99,19.99,medium,low,7,namesilo,,,13/08/2026 04:36
3d69d47d-e6df-4da2-91d0-ad01cd9fa038,fiberglassy.me,available,,,high,high,11,,,,
27d79767-f3b3-41ce-a363-be7081bd30ae,scoutcraft.me,available,,,high,low,10,,,,
5b30a3f6-f440-485b-b2a0-49c070e542db,coveted.me,available,10.98,23.98,high,low,7,namecheap,,,24/09/2026 00:56
fa52b8d6-371d-44f0-b2ee-97aa306d85fa,maintainers.me,available,,,high,low,11,,,,
59607830-6207-4269-81be-ea0ca009843f,shadowgraph.me,available,,,high,high,11,,,,
e87522b7-2338-4d14-95c9-d14cf69ad439,nites.me,resell,,,high,medium,5,"NameSilo, LLC",12/09/2026 12:55,12/09/2027 12:55,26/09/2026 07:47
98b8fcb4-1797-4919-af11-d77dc7c58760,homie.me,resell,,,high,high,5,"Name.com, Inc.",26/02/2014 04:44,26/02/2027 04:44,26/09/2026 06:42
5541585f-e323-4644-a78f-5a2d2a95e560,untraditional.me,available,,,high,high,13,,,,
2e7b53e2-5d97-421e-af1f-736adf229581,monogramme.me,available,,,high,high,10,,,,
2fb5746f-9fd3-4c03-abde-5d308ca2f15c,sahrawi.me,available,,,high,high,7,,,,
1f8d5222-0be0-46ec-ae8b-4f129c167b19,absorbency.me,available,10.98,23.98,high,low,10,namecheap,,,16/09/2026 18:15
62d576a3-9ec3-4506-beda-b78223ff5e13,homestate.me,available,,,high,high,10,,,,
990a62ea-aa66-4291-a328-7948eb21ac45,hurdles.me,available,,,high,high,7,,,,
eec7e5f6-0562-4ab4-8105-47d202fa55cb,violoncellos.me,available,,,medium,low,12,,,,
e922b420-c765-4f71-b403-8db570b672f2,organisms.me,available,,,high,low,9,,,,
cfc51828-92f5-47b9-a88b-4d71728a7da1,theocratic.me,available,1.98,23.98,high,low,10,namecheap,,,11/09/2026 12:52
df0a72e3-1104-426f-8d3c-aff490e6bcc1,spiccato.me,available,,,high,high,8,,,,
3c2c80db-2e97-4f0d-a4ac-6ef4d90a0e66,fundraisings.me,available,,,medium,low,12,,,,
23e75efc-74a3-439e-8ea8-e0c31f457b44,absolutists.me,available,,,medium,low,11,,,,
51eba4ea-9bdc-47fc-ba88-6cf60d5c8b35,defamer.me,available,9.99,19.99,medium,low,7,namesilo,,,21/09/2026 15:02
1961b2b0-3973-4350-ba4c-ef199ea71bcb,attosecond.me,available,9.99,19.99,high,low,10,namesilo,,,21/09/2026 02:11
60596bd3-7960-4916-9fb1-bc9a705e451f,headcounts.me,available,,,medium,low,10,,,,
24af0083-259f-4970-ac31-bd2116095282,underpants.me,available,,,high,high,10,,,,
9ebce80f-31c0-47a7-98e9-959bb3ccf947,forthsend.me,available,,,high,high,9,,,,
b770c0ed-1905-4566-8558-18bd3794dbd5,keybounce.me,available,,,medium,low,9,,,,
930adf60-053e-4f8b-81c3-02f9e86375ce,intuitiveness.me,available,,,high,high,13,,,,
741b4d1a-2cc8-4883-b136-1539b40c9b1f,sancocho.me,available,,,high,low,8,,,,
ab5641c6-416f-465a-a870-b637b1e537d4,graecoaryan.me,available,,,high,high,12,,,,
f8b5c76f-af54-4abe-a0a3-57bd053c703b,preparade.me,available,,,medium,low,9,,,,
cda69605-7ea5-49e8-84a2-23a57f9cc29f,dearness.me,available,,,high,high,8,,,,
a0ccfcf3-d1fc-45d3-ba45-152e57050da0,adenous.me,available,,,high,high,7,,,,
9dcb350d-76fc-475e-921d-1c5847df3c02,bassoonist.me,available,9.99,19.99,high,low,10,namesilo,,,22/09/2026 12:33
d26052fb-5c8c-4341-8f9d-a215aa3162eb,cascading.me,available,,,high,high,9,,,,
67a1e677-a6ed-40e2-a6d2-1f4fa2bb5c4a,promenades.me,available,,,high,low,10,,,,
a80912ea-5bdb-490f-8844-d16dbf6e1156,incensed.me,available,9.99,19.99,medium,low,8,namesilo,,,22/08/2026 01:01
3784d917-49d9-43ec-944e-11c6667b15cb,moratoriums.me,available,,,medium,low,11,,,,
9a91cd5c-bf0f-4290-b84c-f81bc08ee72b,greenrooms.me,available,,,medium,low,10,,,,
385be315-5e63-47ac-97f9-d8c3bc9a32f5,constructable.me,available,,,high,high,13,,,,
52f128e7-c09a-4593-9eac-76e1e11b2095,immoderate.me,available,10.98,23.98,medium,low,10,namecheap,,,21/08/2026 21:07
2c4f7521-0ec8-4216-92eb-ef80fdc42619,divinations.me,available,,,medium,low,11,,,,
fe3eb2c8-9523-44b4-ad93-2a36cfb50777,unstudied.me,available,1.98,23.98,high,low,9,namecheap,,,12/09/2026 06:07
31c9d5d2-6e1c-486d-8c62-61539d3248a2,sunniness.me,available,,,high,high,9,,,,
d7155e5c-8d1b-416a-9d0c-e2114121cb47,requests.me,resell,,,high,low,8,Dynadot Inc,25/04/2025 20:28,25/04/2027 20:28,26/09/2026 08:37
313f9f21-2a76-44c5-86b5-f5ef190add5a,premedical.me,available,1.98,23.98,high,medium,10,namecheap,,,09/09/2026 01:40
33c26a2a-71da-4ebc-8d19-ab2632845fd9,longboards.me,available,10.98,23.98,medium,low,10,namecheap,,,26/09/2026 07:18
71daeea4-83ca-493a-a053-a81aa791ff86,alimental.me,available,9.99,19.99,high,low,9,namesilo,,,
abe4ac97-6e1d-41a3-b96e-bbe9cad4af6b,refractile.me,available,1.98,23.98,high,medium,10,namecheap,,,09/09/2026 12:47
5afedc34-c50c-40b3-9e68-c4c2ddef79f7,filmise.me,available,,,high,high,7,,,,
4adf9741-c1d1-4a52-86b3-0d5042a3daf3,brats.me,available,,,high,low,5,,,,
ed4d228b-2c0f-4083-a335-b1503f994d98,mythological.me,available,,,high,high,12,,,,
47f2ed54-d155-4487-ab79-046c720db5b4,toenail.me,available,,,high,high,7,,,,
826c40c0-af00-4a9e-8321-2f0e402170cf,accrued.me,available,9.99,19.99,high,low,7,namesilo,,,
a99f1ea2-6298-477c-87ee-381e71f55f00,beetle.me,resell,,,high,low,6,"Spaceship, Inc.",03/10/2010 06:39,03/10/2027 06:39,26/09/2026 04:20
ab40046f-772a-41a1-ac45-9e8c7ae50e2c,insunder.me,available,,,medium,low,9,,,,
58e4a93d-c273-4348-a72c-48553f7a351f,transponders.me,available,,,medium,low,12,,,,
ac7cb1d7-03ce-4c18-bc63-7fc2b46d2a15,mill.me,resell,,,high,low,4,"NameCheap, Inc.",17/07/2008 15:14,17/07/2027 15:14,26/09/2026 07:33
e19bba58-d97a-4811-919a-70a00c342a60,transmitter.me,resell,,,high,high,11,Alibaba Cloud Computing Ltd. d/b/a HiChina (www.net.cn),06/06/2026 06:48,06/06/2027 06:48,26/09/2026 09:44
b7172048-b913-4f64-8aef-5afc1944243a,nyctalopia.me,available,,,high,high,10,,,,
0bbb21d5-37d5-4f6c-b0e4-2700a9a1f652,yoghurts.me,available,,,medium,low,8,,,,
69edc340-8373-4321-8ea4-71d4e371cba0,girllovers.me,available,,,medium,low,10,,,,
0d626e9e-dbd5-4b51-81ba-663bf8d5988a,statistical.me,available,,,high,high,11,,,,
73badae8-6e2a-45c4-bb21-c3fb28fda8d4,orville.me,resell,,,high,high,7,Dominet (HK) Limited,25/06/2026 13:43,25/06/2027 13:43,26/09/2026 07:57
8a51dd69-4880-4c76-8b96-157a9dbee17a,couvade.me,available,,,high,high,7,,,,
44001296-e9e0-495a-828c-116b5781da02,microclimate.me,available,,,high,high,12,,,,
4b45eb7a-403e-4560-bd87-67db269631a5,construed.me,available,,,medium,low,9,,,,
7fe72131-9901-4ca0-8ce4-5384e743304a,adviewed.me,available,,,medium,low,8,,,,
c8b5c4b3-b20d-4806-9a9e-c35a597742c5,puckish.me,available,9.99,19.99,medium,low,7,namesilo,,,21/08/2026 22:29
2fca6b0a-5387-4afa-8aa2-0c8f0a77c802,fairish.me,available,10.98,23.98,medium,low,7,namecheap,,,17/08/2026 21:12
44ac09fe-8db6-4f72-9386-54faa2b56c64,utensil.me,available,9.99,19.99,high,high,7,namesilo,,,25/09/2026 15:08
4ca5843d-202a-47b8-8f39-50b795278681,stoppers.me,available,9.99,19.99,medium,low,8,namesilo,,,20/09/2026 12:45
2ecef504-dba1-47c7-b2c8-49bc1711b2fb,jiddah.me,available,,,high,high,6,,,,
ace9a02f-e84a-4fba-9323-193aeda17735,branchpoint.me,available,,,high,high,11,,,,
1dc0c4e7-7864-4cd9-9104-8ab147263680,tendered.me,available,10.98,23.98,medium,low,8,namecheap,,,20/09/2026 16:36
17614fd4-3aba-49ec-89b5-de46b9a43d89,upon.me,premium,20010,16.52,high,low,4,namesilo,,,27/09/2026 11:32
4dd40083-70d6-4958-8742-523e98e40db2,horseshoes.me,available,,,high,high,10,,,,
706803e2-52af-4269-8c1f-c471612b84d1,scrum.me,resell,,,high,high,5,Abion AB,17/07/2008 15:00,17/07/2027 15:00,26/09/2026 08:52
4a1c194a-df33-42dd-b9cf-c5ce4244dcb9,gallia.me,available,8.7,15.53,high,high,6,spaceship,,,28/09/2026 02:19
718ec252-b8c0-47da-ad52-8defbe9c5891,footboards.me,available,,,medium,low,10,,,,
3c3abd4c-5f5a-486a-a8a3-3ea3814a20ce,collaring.me,available,,,high,high,9,,,,
2c8ce894-fd1e-4cb9-9916-a04c919776cf,manxman.me,available,,,high,high,7,,,,
cd9f58a7-d841-4147-b4a8-627fd464602a,dhotis.me,available,,,medium,low,6,,,,
efdbce7f-1ed6-4cd8-9f53-de49a6dd66a7,preferable.me,available,1.98,23.98,high,medium,10,namecheap,,,09/09/2026 01:36
bff196b4-a490-434c-b41e-f4506b8e41f3,liberties.me,available,9.99,19.99,high,low,9,namesilo,,,18/09/2026 04:52
0b629106-d0b9-4340-8c3d-ece667058739,deplane.me,available,,,high,high,7,,,,
7e019115-6723-44ac-b820-7042e198f8d3,midmarch.me,available,,,high,high,9,,,,
c9697a98-e5ef-4bad-96c4-43ecfaa02dee,polemic.me,available,1.98,23.98,high,low,7,namecheap,,,08/09/2026 22:51
40e2fa93-b497-457a-8343-a6e664c96f5c,phonebanks.me,available,,,medium,low,10,,,,
3d1422e3-a409-4fa3-b0cb-915dd99d7775,reexaminations.me,available,,,medium,low,14,,,,
19650259-82fb-4df2-852a-e516c20066ea,sagaftra.me,available,,,high,high,9,,,,
4b42dcc7-e7f7-42a6-9ec0-73e6deb0f331,latourette.me,available,,,high,high,10,,,,
09705a73-f272-42d1-96d7-ff62b1ddbf2e,videowall.me,resell,,,high,high,9,Alibaba Cloud Computing Ltd. d/b/a HiChina (www.net.cn),06/06/2026 06:47,06/06/2027 06:47,26/09/2026 09:59
b4fa16f7-70e5-4a2f-a28b-72c942a7df60,kilometers.me,available,,,high,low,10,,,,
80633a97-8146-4418-9222-e1d3a96bbf8e,density.me,resell,,,high,high,7,Dynadot Inc,04/07/2016 01:07,04/07/2027 01:07,26/09/2026 05:29
c3a64e18-2aab-4361-8d78-5dedaef9c98c,sweatpants.me,available,,,high,high,10,,,,
17f06ac4-a906-4f75-997e-725fca2753fc,moorga.me,available,,,high,high,8,,,,
4dc32912-08ff-46a2-89b1-55c0b384ada8,thirteenth.me,available,9.99,19.99,high,low,10,namesilo,,,
c71e4f41-8ee8-4dcb-bfff-ac5a70f28c30,stub.me,resell,,,high,low,4,Dynadot Inc,18/11/2016 01:05,18/11/2027 01:05,26/09/2026 09:21
4eefbd03-4214-44af-b6d8-9c2833a578c7,ropes.me,available,9.99,19.99,high,low,5,namesilo,,,
d7fd3647-4df9-497a-babb-912cf0e56996,flexileave.me,available,,,high,high,11,,,,
a6dae76b-8d08-44bf-868f-9304f3c92e07,interns.me,resell,,,high,medium,7,"GoDaddy.com, LLC",18/07/2010 03:10,18/07/2027 03:10,26/09/2026 06:55
b416e6c8-f66b-42ed-8498-32d82cdd0ebb,oblique.me,resell,,,high,low,7,Dynadot Inc,29/11/2020 12:08,29/11/2026 12:08,26/09/2026 07:51
9fbe72c5-0bf5-47c6-a86f-1d85ad737ac1,escalated.me,available,,,high,low,9,,,,
570e10a4-dc0f-4c03-8af3-df83aa73efb0,guesthouse.me,resell,,,high,high,10,OVH SAS,17/07/2008 15:33,17/07/2027 15:33,26/09/2026 06:31
94a2e816-2703-45cc-bbb5-89b673372ea0,rephotographed.me,available,,,medium,low,14,,,,
c7de6c10-e2ef-438d-b33e-afd0eee10848,overpowers.me,available,,,medium,low,10,,,,
1c616da7-fc22-45ff-9f90-a17600a98693,nonaggressive.me,available,,,high,high,13,,,,
7fe2c864-fd1f-49a3-af4f-ee0150fdd38c,slicing.me,available,,,high,high,7,,,,
f874a299-61c0-46b7-b0f5-914e8efb3cc6,unkempt.me,available,1.98,23.98,high,low,7,namecheap,,,12/09/2026 14:07
1a952633-1957-452e-a602-6b1501ccf9b1,armorial.me,available,9.99,19.99,high,low,8,namesilo,,,06/08/2026 20:15
7be6d246-0775-4976-988f-7080d1f4c455,personpower.me,available,,,high,high,12,,,,
737ba7bd-4ce7-4c20-96a8-484749b99c08,salinized.me,available,,,high,high,9,,,,
64a0f27c-42b9-4213-b466-52780d130f4a,maritimer.me,available,,,high,high,9,,,,
f720e8c6-b133-4288-b577-21e62df35725,sloshing.me,available,,,high,high,8,,,,
bea676f6-cc84-419f-9529-090ccc0dd2ee,bacitracin.me,available,9.99,19.99,high,low,10,namesilo,,,21/09/2026 14:25
abc0d8bc-2d61-4181-a5e4-9031cb8335c7,persuasions.me,available,,,medium,low,11,,,,
06d5382c-3f3f-4dd9-a7bf-8fffa758b44c,frenchification.me,available,,,high,high,15,,,,
640cebc8-65ed-4768-bbf9-b4b478c1c34c,pertinacious.me,available,,,high,high,12,,,,
9bec579a-23a4-42fc-aa1f-394b6076eb5e,immodest.me,available,10.98,23.98,high,low,8,namecheap,,,21/08/2026 21:09
9eea2b31-1998-4009-99fb-6b4854164e7a,savantism.me,available,,,high,low,9,,,,
7cbb1a27-b5bd-4453-8e7d-184dc72fd7ca,doubter.me,available,10.98,23.98,high,low,7,namecheap,,,
4b423998-6b6e-4827-b40e-300daff2bfd8,atholl.me,available,,,high,high,6,,,,
7f2d9859-f954-43ec-bc51-b9547def86d0,antilles.me,available,9.99,19.99,high,low,8,namesilo,,,19/09/2026 14:37
08cf6ada-102a-4c7f-bccf-19fc0022467c,baryta.me,available,9.99,19.99,high,low,6,namesilo,,,22/09/2026 09:42
db1f6e3b-62b5-4480-9c8d-3d8bc4124cff,lite.me,resell,,,high,low,4,"Spaceship, Inc.",09/07/2008 17:05,09/07/2027 17:05,26/09/2026 07:16
1cfbf49e-9242-4778-883b-4bb93c601cee,donegan.me,available,,,high,low,7,,,,
f6107483-6693-4fa4-9809-423e36771da7,cardcase.me,available,,,high,high,8,,,,
de769408-e5bf-43c9-bfe9-16598018b7ca,possibility.me,resell,,,high,low,11,"Name.com, Inc.",12/01/2012 02:37,12/01/2027 02:37,26/09/2026 08:16
30517a45-867b-4bd4-941a-58f3dd7027fc,yawns.me,available,,,medium,low,5,,,,
ee8f8c6d-d0c6-471a-81a8-8984f2debf7c,ateotd.me,available,,,high,high,6,,,,
5602394f-5d00-44ba-8fba-a7f7b503b5ba,contemplates.me,available,,,medium,low,12,,,,
0a5befaf-1e80-4831-becf-b2b7166c0bad,robustness.me,available,,,high,high,10,,,,
9185871f-6d9d-451a-90a1-2016de3a1665,ascus.me,available,9.99,19.99,high,low,5,namesilo,,,20/09/2026 13:28
fd6233b8-2b39-4113-8200-9a5755748bfa,sanitised.me,available,1.98,23.98,high,medium,9,namecheap,,,09/09/2026 21:18
cf54172b-f457-4890-96e6-3f1c82934b3f,sportsfield.me,available,,,high,high,11,,,,
c8a9238c-857d-42aa-8f36-e3e20dbddad3,reexport.me,available,,,high,high,8,,,,
de963444-8acb-43a2-b557-ea3712c36891,rattled.me,available,9.99,19.99,high,low,7,namesilo,,,18/08/2026 09:33
5d207e14-cf59-4111-ab4c-3e0657af4e34,finishes.me,available,,,high,low,8,,,,
bb6b804d-2175-418c-ac43-444d8605d346,rehashing.me,available,,,high,high,9,,,,
69743fdb-20df-408b-8223-205efea078e2,washable.me,available,1.98,23.98,high,low,8,namecheap,,,13/09/2026 08:29
d3af8904-4b00-41c4-b677-c594ff475843,semirigid.me,available,1.98,23.98,medium,low,9,namecheap,,,10/09/2026 03:19
03298771-0e29-4310-9754-ec3c7bba13fc,whisks.me,available,,,medium,low,6,,,,
caefc33e-818f-4330-b6d1-5ae7c0c3abbf,presciently.me,available,,,high,high,11,,,,
ee7a353f-c2cb-4d5a-99f6-02262aaaf023,execrable.me,available,9.99,19.99,medium,low,9,namesilo,,,
bfea685c-9770-4f62-a7f6-abcd898529aa,sickish.me,available,1.98,23.98,medium,low,7,namecheap,,,03/09/2026 14:05
2e7fe6be-a718-48c0-8fca-f5b08f80a9af,afterschool.me,resell,,,high,high,12,Dynadot Inc,28/08/2011 03:27,28/08/2027 03:27,26/09/2026 01:25
1791334b-c016-40c5-84c9-21fffe3fdab6,centres.me,available,9.99,19.99,medium,low,7,namesilo,,,20/09/2026 08:17
8cc43e37-b10a-4834-95f6-8ac25e863074,averment.me,available,9.99,19.99,high,low,8,namesilo,,,20/09/2026 16:16
048a1de5-dbb1-4b12-ad0e-635483efd4e3,subsector.me,available,,,high,high,9,,,,
e1a760b8-f846-477f-9b61-f10934c09afa,sighters.me,available,,,medium,low,8,,,,
71f38bf6-f36f-4cd5-b450-ec7fa80b70aa,urey.me,available,,,high,high,4,,,,
ca50729f-c551-440a-90b3-7de0f035a9d8,rareness.me,available,,,high,high,8,,,,
95a2ba7d-fed9-447c-b01d-299643faad27,kahlua.me,available,10.98,23.98,high,high,6,namecheap,,,26/09/2026 07:03
73db4e0a-845c-42c1-99e8-581f779c64f6,canvasser.me,available,,,high,high,9,,,,
2df8e2a5-16c9-4d6f-8adc-c87be268099f,bluff.me,resell,,,high,low,5,"GoDaddy.com, LLC",15/04/2011 02:35,15/04/2027 02:35,26/09/2026 04:30
bcb54ffb-ab85-4145-bcb4-474a9f686b8b,deadpanned.me,available,,,medium,low,10,,,,
42be68b8-9f87-45af-9d3d-4520ede8d535,handsignalman.me,available,,,medium,low,13,,,,
13e741e6-607c-47c9-9527-4f8e592fe530,populariser.me,available,,,high,high,11,,,,
29d3393e-d3da-4f77-bf55-e8f9a5136b09,drainplug.me,available,,,high,high,9,,,,
d8662c86-d1c5-44b8-8579-e6540dbaa502,ambient.me,resell,,,high,low,7,"Spaceship, Inc.",01/03/2024 15:15,01/03/2027 15:15,26/09/2026 03:50
67a5495e-f047-41e6-add9-c96be23401d3,coquelles.me,available,,,high,high,9,,,,
caf23e8b-5d89-4a64-9fde-6ed68a3712fd,denary.me,available,10.98,23.98,medium,low,6,namecheap,,,13/08/2026 21:30
48d528db-b9d1-4fb8-9022-1a6819b25bb8,pacesetting.me,available,,,high,low,12,,,,
2b007f52-ff43-4152-852f-8c6ddf9d9f76,pumas.me,available,,,high,low,5,,,,
221cf840-24ea-4f89-ac9c-baf3a748ab73,boron.me,resell,,,medium,low,5,Alibaba Cloud Computing Ltd. d/b/a HiChina (www.net.cn),06/06/2026 06:49,06/06/2027 06:49,26/09/2026 04:33
7d45e377-7338-44fb-a5b3-d9597809ac4b,sacagawea.me,available,,,high,high,9,,,,
76043b55-0736-421e-9ee0-5baec3bbc12f,clothbound.me,available,,,high,high,10,,,,
a2154ddf-41e0-405a-85b2-309267b649f3,constringe.me,available,,,high,high,10,,,,
fc500dd0-8292-4ff1-8e0a-73b3a43a0aaf,biennial.me,available,10.98,23.98,high,low,8,namecheap,,,09/08/2026 19:52
40572043-de08-4971-a643-772a2d19938e,forsake.me,available,9.99,19.99,high,low,7,namesilo,,,14/08/2026 03:54
b4f2f06f-3e55-4823-8d5e-06985e16d07e,duckweed.me,available,,,high,high,8,,,,
689854ed-c0bb-4979-b34f-183f8179ce31,scrunchy.me,available,,,high,high,8,,,,
5e5077ca-0e32-4109-b21b-4d131137efc8,thingamabobs.me,available,,,medium,low,12,,,,
debb6236-a639-440b-b6af-4a8755c9a4ab,heart.me,resell,,,high,low,5,Porkbun LLC,29/04/2008 18:00,29/04/2027 18:00,26/09/2026 06:37
26c695ee-04d4-43e7-b269-d9ae2baeeae9,luculent.me,available,9.99,19.99,high,low,8,namesilo,,,24/08/2026 10:52
37c7e547-4b70-4725-926d-ebc43281de8d,interrogative.me,available,,,high,high,13,,,,
62d40f15-17e5-4cf8-a444-67bcb6b06e6e,fijian.me,available,9.99,19.99,high,low,6,namesilo,,,18/08/2026 04:02
148196e6-cf15-4c4d-9072-eeef510ef368,sleepshirt.me,available,,,high,high,10,,,,
98e79f6a-80bb-4be0-86ce-cdf174aa342f,willow.me,resell,,,high,low,6,Dynadot Inc,10/11/2016 05:54,10/11/2027 05:54,26/09/2026 10:10
0383a3db-0d3a-4ed4-83b3-30ac2cfc17cb,grammars.me,available,,,medium,low,8,,,,
6f112bfb-da8c-4ef4-b057-b8cf6468b758,baselevel.me,available,,,high,high,9,,,,
289dd9dc-d7aa-46c8-b8e4-c39c2157050a,propulsive.me,available,1.98,23.98,high,low,10,namecheap,,,09/09/2026 03:32
674ab108-e02b-4650-abe8-bc2568ebde52,molecularly.me,available,,,medium,low,11,,,,
3c3be253-6c79-455f-b301-21c55ad41e94,tampons.me,available,,,high,low,7,,,,
ac945174-26c0-4069-af3f-747223603f90,sterilizes.me,available,,,medium,low,10,,,,
bd3d05ee-4199-49cf-90dd-1d1f694640df,scolds.me,available,,,medium,low,6,,,,
113420e6-b11a-4fe1-b9da-1a1fad236cdd,icebreaking.me,available,9.99,19.99,high,high,11,namesilo,,,27/09/2026 05:35
f05c1370-2684-4a80-85ec-bf0748d743c0,insipid.me,available,9.99,19.99,high,low,7,namesilo,,,10/08/2026 12:59
0db7e605-efe3-4f66-994c-36a7e40f894f,ferryboat.me,available,,,high,high,10,,,,
ba304c26-5e53-4934-959a-a632c5a28eca,fouesnant.me,available,,,high,medium,9,,,,
bcde05cd-9b00-4c77-b6ab-e2f2bf20bf11,flavius.me,available,,,high,high,7,,,,
9d1417d9-a2c2-441b-9194-10b63fb662d1,nunatsiavut.me,available,,,high,high,11,,,,
a45dec77-9fcd-489d-b6e0-be04d8e421d3,nonoperative.me,available,,,high,high,12,,,,
6e0d8fba-0492-4013-8604-5effb9123e71,phosphorus.me,resell,,,high,low,10,Dynadot Inc,28/07/2016 08:17,28/07/2027 08:17,26/09/2026 08:08
c977d200-7f15-4cdc-903a-63547f233bb2,sirens.me,resell,9.99,19.99,medium,low,6,Alibaba Cloud Computing Ltd. d/b/a HiChina (www.net.cn),06/06/2026 06:46,06/06/2027 06:46,26/09/2026 09:03
daffc033-f4d1-47bd-96b6-b8808eff1da9,lawrenceburg.me,available,,,high,high,12,,,,
b9418582-a447-43ec-bf4e-4384a09518b1,snickered.me,available,,,medium,low,9,,,,
7f8bff36-4a0c-475e-ad6e-c7096ff930de,tallboy.me,available,,,high,high,7,,,,
7f1c3963-40b7-4ccf-a428-8e43f5580872,gordian.me,resell,,,high,low,7,Alibaba Cloud Computing Ltd. d/b/a HiChina (www.net.cn),06/06/2026 06:17,06/06/2027 06:17,26/09/2026 06:27
52b9f4dd-93e8-4a05-a533-4eee43087aac,meekly.me,available,1.98,23.98,medium,low,6,namecheap,,,15/09/2026 01:24
ca7fbdc0-348d-4fe0-b128-60d32fb9af1f,watersides.me,available,,,medium,low,10,,,,
703d0a94-3ce7-498b-80de-270da42642c3,roily.me,available,1.98,23.98,medium,low,5,namecheap,,,09/09/2026 18:18
d155fde3-548d-49a0-974a-c48e51ac4be1,epicene.me,available,9.99,19.99,high,low,7,namesilo,,,12/08/2026 08:38
394ffc09-7842-4470-a24c-b6e04d27fe48,romper.me,available,,,high,high,6,,,,
bb822d8f-ea6b-48b3-936e-f37ed841ab94,generalities.me,available,,,medium,low,12,,,,
880ab161-4592-4d01-b48f-fd15768beb89,pewter.me,available,,,high,high,6,,,,
63d0f17e-6529-48d5-ad43-b9b08145ed13,perspicacity.me,available,,,high,high,12,,,,
81e6f9ad-ab98-41a8-b54b-e1774587a8a5,forteviot.me,available,,,high,high,9,,,,
99207f60-868a-4e3c-a94b-2b80c33fb953,supereffective.me,available,,,high,medium,14,,,,
595b837c-9ae0-44a7-a898-1b7fd073a2ff,mizen.me,available,,,high,high,5,,,,
008dbb93-aa2f-40ae-9153-545cd8f0784d,avidness.me,available,10.98,23.98,high,low,8,namecheap,,,21/09/2026 09:29
f51be6ea-73cf-4b14-bfc9-d5d98e75e433,spf.me,resell,,,high,low,3,Dynadot Inc,13/11/2018 01:21,13/11/2027 01:21,28/09/2026 05:21
a7d79270-99c7-490e-8e31-6686d8c612dc,hairpin.me,available,,,high,high,7,,,,
72c966ce-5a14-4bf6-85c6-be02a9a60c43,goldeneye.me,resell,,,high,high,9,"eNom, LLC",09/06/2026 06:36,09/06/2027 06:36,26/09/2026 06:25
843758f7-439c-404e-aaab-d6087ae2e32b,mackay.me,resell,,,high,low,6,Alibaba Cloud Computing Ltd. d/b/a HiChina (www.net.cn),22/03/2026 07:52,22/03/2027 07:52,26/09/2026 07:21
9d1cf989-38ee-40a8-a074-90ee87bd36b4,midkiln.me,available,,,medium,low,8,,,,
0838814a-f0e1-4491-97d6-1bc8f7aea2f9,longings.me,available,,,medium,low,8,,,,
237067a8-88f5-4ac7-aa03-13b3f117498e,spectra.me,resell,,,high,low,7,Dynadot Inc,15/04/2014 06:04,15/04/2027 06:04,26/09/2026 09:12
fce3e057-9347-4127-b3b0-0b68dacfd470,modernness.me,available,,,high,high,10,,,,
37897b6a-f6c4-45a8-a91c-d47c73b1a737,chevvy.me,available,,,high,high,6,,,,
d8919990-c6ef-499a-84b8-624ae0c34b39,astonishing.me,available,,,high,high,11,,,,
a2aa57ce-5c05-4b5d-99b2-5fcb4878245d,whaddayamean.me,available,,,high,high,12,,,,
39316284-a4a5-45bb-af06-c3855461c6fe,disneyphilia.me,available,,,high,low,12,,,,
776f53a6-5dac-4650-aba6-36ba687532cc,aiims.me,available,,,high,high,5,,,,
d23af3f5-d32b-41b4-9a3f-605aa2b6fee9,cardiology.me,available,,,high,high,10,,,,
9ec25a50-b05f-481b-b7d2-459ed9424af1,mechanise.me,available,,,high,high,9,,,,
faedac6b-85c5-4531-b910-1d7cf684c3a3,footless.me,available,9.99,19.99,medium,low,8,namesilo,,,18/08/2026 10:45
c0d759ae-609d-4e78-8421-7277855f2ae9,techtoker.me,available,,,high,high,9,,,,
b8fbf24e-f5a8-41da-9cbe-280fce091485,astronomers.me,available,,,high,low,11,,,,
ace8ec4c-e437-4cc9-bce7-c56dd5d03bf7,gateway.me,resell,,,high,high,7,Dynadot Inc,05/02/2025 15:15,05/02/2027 15:15,26/09/2026 06:20
dfe84e57-33b4-480a-8717-9211805fc1f7,corfu.me,resell,,,high,high,5,"Spaceship, Inc.",29/11/2025 17:00,29/11/2026 17:00,26/09/2026 05:15
128cb82f-7c6d-42ec-85c5-882189000c99,beholdenness.me,available,,,medium,low,12,,,,
84ef1492-d488-4d57-bf38-05c5596ba65a,sewn.me,available,1.98,23.98,high,low,4,namecheap,,,10/09/2026 05:07
cc728b28-f1e7-4c62-b1cc-5f4fbf90f640,waxers.me,available,,,medium,low,6,,,,
d36e56a9-91e8-4ced-8032-cbee839343ed,underorder.me,available,,,high,high,10,,,,
6084a4e1-0b9d-4f13-95b6-366709ba0a01,fingerlings.me,available,,,medium,low,11,,,,
24f364ae-0152-4101-b8d4-b3ff73aa59c8,crashed.me,resell,,,medium,low,7,,,,27/09/2026 11:29
b9c9760f-6aaf-44d4-b533-14594de5f5e8,goldtail.me,available,,,high,high,8,,,,
469c5b55-7ac4-47a3-a1bb-8c26098927dc,consolidatory.me,available,,,high,high,13,,,,
c1798dfb-f746-4bee-944b-3573cff60df4,below.me,premium,8280,16.52,high,low,5,namesilo,,,24/09/2026 12:01
ab501319-2798-4fe6-b662-7772e32d0e24,bullpens.me,available,,,medium,low,8,,,,
121a079c-1a93-443f-a560-a202325cfab5,unsalted.me,available,1.98,23.98,medium,low,8,namecheap,,,12/09/2026 18:45
ec435eb4-bcad-4d8c-b64e-4130d13b4dd5,horseknop.me,available,,,high,low,9,,,,
70ac2e8f-3c21-437d-beec-4cf901aa1eea,conceding.me,available,,,high,high,9,,,,
3dc8eb08-a24e-4670-ab97-111fcb106005,flaking.me,available,,,high,medium,7,,,,
9d64e9a8-ea55-42ce-a8c0-6351854f626e,urbanized.me,available,1.98,23.98,high,low,9,namecheap,,,12/09/2026 23:29
3cfebceb-1bf0-4790-b10b-da3df4e050bf,rapini.me,available,,,high,low,6,,,,
181f7b68-52a3-44e7-915f-98522be767b8,polysome.me,available,,,high,high,8,,,,
e3bab064-15ab-4dd6-a62c-be06e3a4a697,salverform.me,available,1.98,23.98,high,medium,10,namecheap,,,09/09/2026 21:02
b816bb72-d288-45d9-9933-2d2b81ecd135,potting.me,available,,,high,high,7,,,,
264ae13d-dff9-472b-8133-0ec1f6a09f7d,binghamton.me,available,9.99,19.99,high,low,10,namesilo,,,23/09/2026 17:34
5f44176e-5ab5-4a60-a7b4-e6a8dc94bfd4,knesset.me,available,,,high,high,7,,,,
ae0c49a4-f740-4fc3-a605-998a92524372,footballers.me,available,13.99,27.99,high,low,11,name.com,,,20/09/2026 13:07
e786a3da-e6b1-4d8c-a422-d3808f804042,gleeful.me,available,,,high,low,7,,,,
e7fed1ae-4598-40ba-9c96-e1592af8e80f,wordfinding.me,available,,,high,high,11,,,,
92336028-888c-484d-bbf2-ea29d1f2b7d4,busfares.me,available,,,medium,low,8,,,,
053ed04a-fd2c-49db-a2b9-3a5b5ed168b3,broil.me,available,,,high,high,5,,,,
ba19ad68-55c6-49f3-b46c-aeefeeaf64d1,fermium.me,available,9.99,19.99,medium,low,7,namesilo,,,20/09/2026 21:55
4e8f2197-da35-4918-aac3-6c262daeea14,maintainability.me,available,,,high,low,15,,,,
c189996b-c747-4b95-b76a-d1577ee34710,twinkletoes.me,available,,,high,low,12,,,,
cbf34ded-bc63-4959-8931-0bdbcbe34828,inordinate.me,available,9.99,19.99,medium,low,10,namesilo,,,17/08/2026 16:17
e98f18a4-0f14-40d1-b024-7976edaf745f,palliation.me,available,,,high,high,10,,,,
6252cc85-3436-4444-9e19-673c3d79d217,evidenced.me,available,9.99,19.99,high,low,9,namesilo,,,17/08/2026 15:00
3be4a96e-b2db-4e02-b8e4-58de44c215ae,bohemian.me,resell,,,high,low,8,Dynadot Inc,03/10/2014 02:38,03/10/2027 02:38,26/09/2026 04:31
c4d09498-0350-4e55-8b91-c50021be7efc,beg.me,resell,,,high,low,3,"GoDaddy.com, LLC",28/07/2008 10:38,28/07/2027 10:38,26/09/2026 04:20
eef4c535-8e90-4126-91eb-fc15b30be9c2,cared.me,resell,,,high,low,5,Dominet (HK) Limited,25/06/2026 09:46,25/06/2027 09:46,26/09/2026 04:46
632aaa3b-d5a0-44ce-bd5f-dd7021e44a3b,cardiff.me,resell,,,high,low,7,,,,28/09/2026 01:26
7a17aa08-52f6-46dd-bd93-399618ef5b9c,westwood.me,available,9.99,19.99,high,low,8,namesilo,,,
6d8afafe-bde8-441e-a05a-a013674fa937,trophic.me,available,1.98,23.98,high,low,7,namecheap,,,11/09/2026 20:22
921ecab6-a121-4bcd-9a8b-44289c745fbd,kryptonite.me,resell,,,high,high,10,Dynadot Inc,05/06/2015 04:08,05/06/2027 04:08,26/09/2026 07:06
4d707a2b-d765-4ede-bdee-e81234ff582f,inserting.me,available,,,high,high,9,,,,
966f41d7-72f1-45d9-9bd1-04f68789c02c,yuppy.me,available,,,high,high,5,,,,
64e40f38-7636-4f11-a20e-cb14a50f3b2e,manned.me,available,9.99,19.99,high,low,6,namesilo,,,24/08/2026 15:16
1fed7f13-fa16-4f23-a2dd-7caae8b7ebc8,soused.me,available,10.98,23.98,medium,low,6,namecheap,,,09/08/2026 16:07
df0b2b64-fffe-4fe6-b4d4-371001e3f86b,gingernuts.me,available,,,medium,low,10,,,,
0710a8a8-9d9a-40ba-81e9-b5a97673aafe,dietetic.me,available,9.99,19.99,high,low,8,namesilo,,,14/08/2026 06:56
00205ce2-9995-45ea-abc3-c94ad06b06e0,actuators.me,available,,,medium,low,9,,,,
e71700fb-6cd2-4235-91ef-5b0d4b7be6bc,fanned.me,available,9.99,19.99,high,low,6,namesilo,,,17/08/2026 22:09
7089f919-fb88-40d5-80e8-49d7516052cd,clave.me,resell,,,high,high,5,"GoDaddy.com, LLC",11/02/2026 08:27,11/02/2028 08:27,26/09/2026 04:58
f137e6c1-95fb-4e03-8990-ac5cf566f09d,onlooking.me,available,,,high,high,9,,,,
1b2465ef-6ef8-4d18-915f-89711379d9b6,participation.me,resell,,,high,high,13,"Chengdu West Dimension Digital Technology Co., Ltd.",02/09/2026 00:22,02/09/2027 00:22,26/09/2026 08:02
6fd9f5a5-35f0-40a2-96bc-08d540ecb791,alight.me,resell,,,high,low,6,West263 International Limited,22/01/2026 17:00,22/01/2027 17:00,26/09/2026 03:47
8aca644f-88f1-48ed-a176-2d9adc436ab0,aleutian.me,available,9.99,19.99,high,low,8,namesilo,,,
17a6798c-0589-409a-91b9-5bf68f05ae36,savagery.me,available,9.99,19.99,medium,low,8,namesilo,,,22/09/2026 04:29
fa5a6971-80e2-47ff-8c6f-bf2c2f721b4b,wizardess.me,available,,,high,high,9,,,,
086fe405-4f5d-462c-907f-dc6a1ce06aaa,hydraulic.me,resell,,,high,low,9,"GoDaddy.com, LLC",13/11/2011 08:27,13/11/2026 08:27,26/09/2026 06:46
b45e8bc1-9301-45e9-80ea-c2de5ae1df11,studie.me,resell,,,high,high,6,Dominet (HK) Limited,30/06/2026 05:00,30/06/2027 05:00,26/09/2026 09:22
8c1c1e66-1ab5-4de5-a7c9-49e87764f5e8,aeolian.me,available,,,high,low,7,,,,
ef8897a4-ddd2-4b93-a007-b53cf7b57456,bilk.me,available,1.98,23.98,medium,low,4,namecheap,,,09/09/2026 08:21
1b11ae6d-02d0-42dd-8131-3d84d4c87523,feinted.me,available,,,medium,low,7,,,,
20a4b387-6c86-4612-87fc-857214fb47cb,refreshingly.me,available,,,high,high,12,,,,
e78649dd-c1db-4d5b-a14f-c8934a0badd6,novembre.me,available,,,high,high,8,,,,
958d45b7-fdf6-440c-9ce7-cf7e48b02492,plainclothes.me,available,,,high,high,13,,,,
9455221a-ed18-441e-9b73-d286ba61dcec,charnel.me,available,9.99,19.99,medium,low,7,namesilo,,,12/08/2026 02:37
f04d8a5a-69a8-4342-bb2e-1008ed57fc46,pinochle.me,available,13.99,27.99,high,low,8,name.com,,,23/09/2026 12:19
6c266558-af32-4965-81cb-5ec341d226f0,skriegh.me,available,,,high,high,7,,,,
c129ab64-b045-4b87-b697-658bd5f11a15,dealings.me,available,,,high,high,8,,,,
75a5842e-0796-402f-b671-68bfedbeecc4,nonmouse.me,available,,,high,high,8,,,,
7a290e32-2f58-44cd-9162-eb195a3139f4,hopefulness.me,available,,,high,high,11,,,,
c77a6651-51d8-4e8e-808a-7802c4dede1e,creme.me,resell,,,high,high,5,"Spaceship, Inc.",11/02/2016 02:35,11/02/2027 02:35,26/09/2026 05:19
18e4d940-0efb-4a19-84d2-805b2efed443,heedful.me,available,9.99,19.99,high,low,7,namesilo,,,
9fed016e-d953-461b-a1c4-8bc2bedd7327,septum.me,available,,,high,high,6,,,,
397ebc64-295a-4dbf-90d4-bb464f2c15f1,balloonless.me,available,,,medium,low,11,,,,
aedcfbdc-01f8-4368-ba9a-d135a4900e31,jack.me,resell,,,high,medium,4,"Network Solutions, LLC",29/04/2008 18:00,29/04/2027 18:00,26/09/2026 06:58
f4fa4497-fc5c-48d5-b431-95ff6e592efd,pastorale.me,available,1.98,23.98,high,low,9,namecheap,,,08/09/2026 10:10
88b87c19-0ca3-40eb-919a-0a7efb001c5b,lightray.me,available,,,high,high,8,,,,
f1891133-1b94-4776-a8ec-b70d238adcb7,stockpiles.me,available,,,medium,low,10,,,,
80b21d89-d675-4a64-8245-661adda9e99c,soople.me,available,,,high,high,6,,,,
670856a6-9731-494d-a8c5-700f30c03480,brainstormed.me,available,,,high,low,12,,,,
afd03e2b-eae8-4f99-836b-67dcfd240638,destine.me,available,,,high,high,7,,,,
e5697cd8-2477-4f07-acfd-bf34bf02d9c5,upturn.me,resell,,,high,high,6,Dynadot Inc,27/09/2017 06:44,27/09/2027 06:44,26/09/2026 09:54
744c5c6d-97d2-4a66-96f6-d7a6ec297082,streetfighter.me,premium,1667.5,27.99,medium,low,14,name.com,,,
e00b2519-4402-4c03-87c5-df3e68c2a5ef,americanos.me,available,,,medium,low,10,,,,
5ba61305-0552-4dbf-9100-fcb3120641d1,anonymiser.me,available,,,high,high,10,,,,
22203fb6-088a-493f-b293-1352b747ef68,chiku.me,available,,,high,high,5,,,,
f2fb6b28-3439-49b6-9535-451d6ae877c0,chimperor.me,available,,,medium,low,9,,,,
2e1124e1-711c-45d4-aa9a-c8d16c96a63b,scapular.me,available,1.98,23.98,high,low,8,namecheap,,,09/09/2026 22:51
4606624f-4eea-4cad-9b5e-df8093d99c34,megaamperes.me,available,,,low,low,11,,,,
8ae65b8c-65d5-4245-bd48-483fd8adb041,mla.me,resell,,,high,low,3,,,,28/09/2026 03:26
9d3481f8-45d4-4e3e-bd70-56f328b8278c,daybed.me,available,,,high,high,6,,,,
9e5e13e5-cd32-41c2-9499-33a3002dac51,elsecar.me,available,,,high,high,7,,,,
40d962b3-f398-40d7-a079-8ef92ee9c97d,longtermism.me,available,,,high,high,12,,,,
de8de867-b51a-496c-8be4-37282dd1c1c6,biovar.me,available,,,high,high,6,,,,
e89ee0d9-fba2-496e-b3b7-e2fd0567c5c7,ascendency.me,available,9.99,19.99,high,low,10,namesilo,,,20/09/2026 13:06
4a47f3fb-478c-4fdb-bcf9-2dc524afc136,accessorized.me,available,,,high,high,12,,,,
2d903eae-458e-4353-b85b-f2810f677d5b,bucksaws.me,available,,,medium,low,8,,,,
d674e975-93b4-446d-9a98-f699f8b5c689,women.me,premium,7500.01,,high,low,5,name.com,,,
33a46962-cd55-48bb-b63a-bba4a1daaf3b,systematically.me,available,23.98,,medium,low,14,namecheap,,,
c0d8715e-7d1e-4e51-a4c7-a02a19130374,torchlights.me,available,,,medium,low,11,,,,
54722254-9a36-4d59-a826-85be9be01cfe,illusional.me,available,10.98,23.98,medium,low,10,namecheap,,,21/08/2026 20:11
33af5364-9d78-4bce-a6f6-efcb215615ab,premature.me,available,1.98,23.98,high,medium,9,namecheap,,,09/09/2026 01:39
504b4e7f-0663-4af1-88a0-a5eedcc20027,bearberry.me,available,13.99,27.99,high,low,9,name.com,,,22/09/2026 20:57
58d6bbcf-618c-4536-993b-90de22ea4148,delegatee.me,available,,,high,high,9,,,,
3b86f0b4-b409-4c37-88e3-efffc872bcda,skyrocketing.me,available,,,high,low,12,,,,
4783cca0-b420-4fd3-bfc9-da899ff14deb,pacemaking.me,available,,,high,low,10,,,,
be6d50c6-80ed-4b8f-a229-b23d299bb7eb,leuenkephalin.me,available,,,low,low,14,,,,
617495a5-c138-4f79-a14f-e59239e313fd,sponged.me,available,,,medium,low,7,,,,
55a30352-146e-4ef1-9b69-170282b297f8,freebies.me,available,,,high,low,8,,,,
da9201f4-cd5d-4ba3-8e3a-503e7c08234d,knack.me,resell,,,high,high,5,"Name.com, Inc.",17/01/2017 01:07,17/01/2027 01:07,26/09/2026 07:06
12e1ac10-e9a2-4590-ad87-62e5d16778b3,shopper.me,resell,,,high,high,7,"GoDaddy.com, LLC",11/08/2008 06:25,11/08/2027 06:25,26/09/2026 08:59
1654ef82-4284-468b-a97b-67d1fb9d84c9,snicker.me,available,9.99,19.99,high,low,7,namesilo,,,
a9e47a96-e0e7-4415-9a3d-2335c5a064b5,minos.me,resell,,,high,high,5,Porkbun LLC,17/02/2026 12:05,17/02/2027 12:05,26/09/2026 07:34
e7167fc8-6e63-4b03-b521-e11ec21efdcb,eurodisco.me,available,,,high,low,9,,,,
5d724e19-0343-4ac3-b6c4-bfdbe7bee10e,sulfurized.me,available,1.98,23.98,medium,low,10,namecheap,,,11/09/2026 01:25
1829e1f1-093e-4383-8228-7d9e97e7ff67,daytona.me,resell,,,high,low,7,,,,28/09/2026 04:21
0f13dbaf-ce6a-4fe4-a473-a34593dd5ae0,yearslong.me,available,,,high,high,10,,,,
3f4f2cbf-35d2-44f2-8677-ffe6557bf758,schoolgirl.me,available,,,high,medium,10,,,,
3fcf3ae1-4a2d-4939-8530-4d63708c0fd7,toothmugs.me,available,,,medium,low,9,,,,
6d54ffcd-2e7a-4244-88c0-0a12220cc10b,bullplop.me,available,,,high,high,8,,,,
ca50c184-d4a7-4756-8436-3636c4456cc0,ceremony.me,resell,,,high,low,8,Dynadot Inc,18/01/2018 06:13,18/01/2027 06:13,26/09/2026 04:50
5ef96d42-0fc0-44a1-ba4e-a701ac69e92f,likably.me,available,,,high,high,7,,,,
a02b0026-24f3-4b4d-87d8-4aea3dfc30e6,pauses.me,available,,,high,low,6,,,,
41b24e6b-777e-473b-bc36-26c63a40f116,totality.me,resell,,,high,low,8,Tucows Domains Inc.,09/01/2013 12:13,09/01/2027 12:13,26/09/2026 09:41
f4a830cf-bf31-4a62-b7b1-94070fdc6b7b,masticate.me,available,,,high,high,9,,,,
d4fa32e8-187e-49c7-a07e-38499f504e8d,clattered.me,available,,,medium,low,9,,,,
a7cd36c4-e52f-45f0-b1dd-0711e3ef0289,unelectrical.me,available,,,medium,low,12,,,,
e0724425-6fe3-4750-9ec6-fe6130a44015,hereditary.me,available,9.99,19.99,high,low,10,namesilo,,,
9294bcb3-3938-446e-af4f-1a83c9f76082,beltway.me,available,9.99,19.99,high,low,7,namesilo,,,23/09/2026 07:15
b0fc128b-6b1b-496e-89ee-1f41f29fd156,frontcourt.me,available,,,high,high,10,,,,
8ff0fbd1-8f28-4284-8deb-b76ae38e4529,penetratingly.me,available,,,high,high,13,,,,
35d518ea-97e4-4b22-a120-e14f9758b9f2,shampooing.me,available,,,high,high,10,,,,
72755ac8-919e-44c6-8b4f-93f5c5e17582,bluffing.me,resell,,,high,high,8,GoDaddy Online Services Cayman Islands Ltd.,03/08/2008 21:08,03/08/2027 21:08,26/09/2026 04:30
9379d8a3-1308-4d21-9846-24dd74f9420f,bras.me,resell,,,high,low,4,Dynadot Inc,18/07/2008 02:23,18/07/2027 02:23,26/09/2026 04:35
a3f4d3fa-eba9-4215-9309-1dd34977351d,import.me,resell,,,high,low,6,"GoDaddy.com, LLC",17/08/2008 08:28,17/08/2027 08:28,26/09/2026 06:49
8958c3c6-8d68-45d5-9f6c-d3885ec6c22a,efferent.me,available,9.99,19.99,high,low,8,namesilo,,,15/08/2026 14:22
0b777945-cb3d-432f-97a0-19decca7ac84,persist.me,resell,,,high,high,7,"GoDaddy.com, LLC",11/11/2010 07:52,11/11/2026 07:52,26/09/2026 08:07
6930665d-2b90-4736-942b-e87d23ab38df,orientate.me,available,,,high,high,9,,,,
7e285be2-eabe-4db3-9ade-fe0718326128,ynambu.me,available,,,high,high,6,,,,
e0aab3a1-2994-4353-b480-c9be86108eeb,rolaids.me,available,,,high,high,7,,,,
4abfb1a8-1d87-4947-bff0-c4195c2a6e2e,nightcrawler.me,available,,,high,high,12,,,,
7379ece9-5df1-48a4-8089-fa41c3ca283f,freezie.me,available,,,high,high,7,,,,
632c638d-6d1e-4455-8bd6-e8b558e0baf2,cowberry.me,available,,,high,high,8,,,,
9e9ec9c6-8f0a-4fb1-afe5-c41d431b01aa,appendage.me,available,10.98,23.98,high,low,9,namecheap,,,19/09/2026 20:35
6c873918-b7f8-4400-a3a5-16a89dafc788,demonstrative.me,available,8.7,15.53,high,high,13,spaceship,,,28/09/2026 02:16
acd971c5-b750-46b2-85b0-cc6c7cbae11e,pauline.me,resell,,,high,low,7,"Sav.com, LLC - 35",07/09/2023 15:15,07/09/2027 15:15,26/09/2026 08:04
6b12933d-3a1f-4cab-bd0b-cb72855316f5,sapphirine.me,available,1.98,23.98,high,medium,10,namecheap,,,09/09/2026 21:22
0791e5eb-e599-41e8-83e6-5dc07b0a1836,factories.me,resell,9.99,19.99,medium,low,9,Alibaba Cloud Computing Ltd. d/b/a HiChina (www.net.cn),06/06/2026 06:50,06/06/2027 06:50,26/09/2026 05:59
a2eb68b1-5181-4593-b15c-dc233d7f753c,announcing.me,available,9.99,19.99,high,low,10,namesilo,,,26/09/2026 03:53
9f758894-83d2-4ac5-a47a-081e5534d53e,granddaddy.me,available,,,high,high,10,,,,
b4b07244-e83c-4a4c-a6aa-7eebe27380c8,cordate.me,available,9.99,19.99,high,low,7,namesilo,,,13/08/2026 00:50
303b0e6a-e676-4f6e-8dbc-7a7d122f2d77,smeller.me,available,,,high,high,7,,,,
106a1da5-2af3-4b07-9100-8773a27ed4ad,supermoon.me,resell,,,high,high,9,Dominet (HK) Limited,25/06/2026 11:11,25/06/2027 11:11,26/09/2026 09:25
66b7a0c9-dd82-443e-a24d-a82560a51349,geranium.me,resell,,,high,high,8,Dynadot Inc,13/09/2017 09:04,13/09/2027 09:04,26/09/2026 06:22
45ccce31-e1b6-45d0-82ef-57eeb1990191,plosive.me,available,1.98,23.98,high,low,7,namecheap,,,04/09/2026 00:16
e05f4b9c-548f-4953-9c93-a7d8cb53a1bb,glasswashers.me,available,,,medium,low,12,,,,
153fe90d-9b24-45f5-8cb6-36604723edb3,bagboy.me,available,,,high,high,6,,,,
b3529753-540b-49cd-883b-ae3451be88b5,thoughts.me,resell,,,high,low,8,Dynadot Inc,03/10/2010 02:38,03/10/2027 02:38,26/09/2026 09:36
6c9ed03c-7fa2-4b12-9131-5ffc09cd448e,reembody.me,available,,,high,high,8,,,,
bcc29a21-b219-4550-8649-45b43b40a854,norwegia.me,available,,,high,high,8,,,,
18648501-3ebd-4f1b-8dd2-1db8230283c1,kuya.me,available,,,high,high,4,,,,
f90179e6-aa29-474c-8c68-ed63c23c995b,gladiolus.me,available,9.99,19.99,high,low,9,namesilo,,,19/08/2026 00:06
f4f51e31-1737-4b4c-95d9-5b3d469b4d96,terabytes.me,available,,,medium,medium,9,,,,
d5c56d04-a082-4582-afdf-d6e00b867b98,emancipation.me,available,,,high,medium,12,,,,
51b5743e-53ae-413f-89ff-2ee7e90c2e08,undogmatically.me,available,,,high,high,14,,,,
63786ca0-1475-41a7-9120-20867659df5c,inimical.me,available,9.99,19.99,medium,low,8,namesilo,,,22/08/2026 05:20
35e5c855-f6a5-4f0c-b907-35f247bf2695,gymkhana.me,resell,,,high,high,8,Dominet (HK) Limited,25/06/2026 13:17,25/06/2027 13:17,26/09/2026 06:32
846a8c4c-6c73-43d4-ad7f-537fb6490a1e,rescore.me,resell,,,high,high,7,Dynadot Inc,13/11/2014 07:25,13/11/2026 07:25,26/09/2026 08:37
1daec526-6f1c-494d-afee-1df79c90bbff,oswego.me,available,,,high,high,6,,,,
44c531c9-270a-487b-ac0b-7e240017e22d,weeping.me,available,9.99,19.99,high,low,7,namesilo,,,12/08/2026 00:52
0211fb43-8978-40fc-9dff-1bb173e0a616,bosses.me,resell,23.98,,high,low,6,Dominet (HK) Limited,30/06/2026 05:25,30/06/2027 05:25,26/09/2026 04:33
31b0fb8b-aa10-49d4-8cd6-7d32cd92dd3b,basswood.me,available,9.99,19.99,high,low,8,namesilo,,,22/09/2026 12:34
d8a14b99-d421-44df-9f6e-c22b393fc090,reporters.me,resell,,,medium,low,9,,,,28/09/2026 00:38
feb4f84a-39b7-454e-9b5d-bc97efca7480,chinalike.me,available,,,high,high,9,,,,
a59493f3-d073-4d31-b6f1-641ff127f79c,strongholds.me,available,,,high,low,11,,,,
2e32f46d-bcf3-49a8-9b3d-67c5d6afd2f0,parcel.me,resell,,,high,low,6,"Name.com, Inc.",30/09/2011 02:35,30/09/2027 02:35,26/09/2026 08:01
ed004e11-273d-4616-ab6f-1a6d1f05f8c4,priests.me,available,9.99,19.99,high,low,7,namesilo,,,18/09/2026 03:38
62850ef3-39e7-47e4-9b66-baf07add7072,pinnate.me,available,1.98,23.98,high,medium,7,namecheap,,,08/09/2026 19:48
989e0ada-cc7f-4a31-8377-f1911004e8f7,euphonious.me,available,9.99,19.99,high,low,10,namesilo,,,17/08/2026 14:17
5d483371-7471-4b3d-8685-3a82b1a99c56,candidness.me,available,9.99,19.99,high,high,10,namesilo,,,27/09/2026 04:59
e5cc4797-528f-4461-be9d-5c525cc13cd7,certainity.me,available,,,high,high,10,,,,
f0f28202-1710-4346-9bd8-e9477dcad728,sterol.me,available,,,high,high,6,,,,
a9af25bc-e812-4eee-a0af-b0ad597ab17a,talladegan.me,available,,,high,high,10,,,,
4256e530-c531-42a7-b5d7-fc057e1f9f43,hittitology.me,available,,,medium,low,11,,,,
d8fac435-f7d1-47ec-a044-e9f25b231e4e,wetheringsett.me,available,,,high,high,13,,,,
e0529614-e8a9-4403-b45c-c9407f383187,unfading.me,available,1.98,23.98,high,low,8,namecheap,,,12/09/2026 09:53
e6d33e2f-cc93-4f51-8e92-373b92f74243,ammeter.me,available,10.98,23.98,high,low,7,namecheap,,,18/09/2026 22:00
1b39f32a-dd06-413f-b39e-3f19b09cf552,centrefold.me,available,,,high,high,10,,,,
5809d81a-78a1-40f0-a638-d9d3ce93eb07,owners.me,resell,,,high,medium,6,"GoDaddy.com, LLC",17/07/2008 19:09,17/07/2027 19:09,26/09/2026 07:59
63424436-60e7-4bfc-8e88-a25632339493,unproblematic.me,available,,,high,high,13,,,,
167da9f6-14d9-41e4-8082-3a5c6ad61d32,reticence.me,available,,,high,high,9,,,,
e8fb0723-6492-4f59-8608-e1c8a20f3e67,insistingly.me,available,,,high,high,11,,,,
6cfb1593-0876-42ff-ad01-9521a9adda04,tankard.me,available,,,high,high,7,,,,
3dd92a24-54f3-44c6-b7f8-922c81b90ed7,selfenclosed.me,available,,,medium,low,13,,,,
6be1b982-c1bb-4b04-ad46-d524caa88952,codeword.me,available,,,high,high,8,,,,
ac4c9b19-7eb0-4593-a174-6234b1e1ba38,eviscerate.me,available,9.99,19.99,medium,low,10,namesilo,,,17/08/2026 15:10
a0e0291f-725f-4e22-962b-f2e97b2d452f,girasol.me,available,,,high,high,7,,,,
cbfef9a8-cd36-4d93-8c3d-746d1284c5bd,voguish.me,available,9.99,19.99,high,low,7,namesilo,,,12/08/2026 04:42
21a8f14c-4b7b-4ac2-af4e-34334ee5c939,restrengthen.me,available,,,high,high,12,,,,
54076d23-6d3d-49b3-88d5-d9ce6f701f08,legislator.me,available,,,high,high,10,,,,
0f5145a2-b35e-4daa-97ff-a1214566b58a,qubit.me,resell,,,high,high,5,Dynadot Inc,21/08/2018 06:24,21/08/2027 06:24,26/09/2026 08:26
a58e2f93-a867-4019-bc8f-831729c4b168,anseres.me,available,9.99,19.99,medium,low,7,namesilo,,,19/09/2026 12:08
0a21c014-894f-4606-afa1-4b783f710b70,laurieston.me,available,,,high,high,10,,,,
7cbec0e6-e3ba-45f0-8ba7-f8272aea3e5c,midcostal.me,available,,,medium,low,9,,,,
7c33182b-e9ae-4a35-a8e7-33ebc931bb17,hyperledger.me,available,,,high,high,11,,,,
53ee26d5-fa7d-4eb4-b307-98a4be23a737,signaled.me,available,,,high,low,8,,,,
8a8d5761-6cfa-4d41-9d7d-6110c66575be,snapshotlike.me,available,,,high,high,12,,,,
e0e28fbe-8f00-442d-8a89-b98948d946c7,volcanolike.me,available,,,high,high,11,,,,
b2e424dc-cc8d-4b5c-9b4f-427cfcd1b1cd,limitation.me,available,9.99,19.99,high,low,10,namesilo,,,
1c61acea-6914-4424-84e8-95ec305adc81,cortical.me,available,,,high,low,8,,,,
dcafd7c8-99e8-4f7f-b1f5-1bf3b052eaae,gargantuan.me,available,9.99,19.99,high,low,10,namesilo,,,16/08/2026 03:33
d30587b9-5810-458c-8861-0cc4d2dc5546,arabic.me,resell,,,high,low,6,Dynadot Inc,17/07/2008 15:00,17/07/2028 15:00,26/09/2026 03:57
0d4e07ac-3588-49d9-9e59-811d3354abe3,adapter.me,resell,,,high,low,7,"eNom, LLC",09/02/2026 07:27,09/02/2027 07:27,26/09/2026 01:22
21b6775e-c159-4fc8-a40a-d344fc5fc3a2,arriver.me,available,9.99,19.99,high,low,7,namesilo,,,20/09/2026 09:16
3d30cb48-ea1b-4a5c-b3fb-103e99c85e1a,heralding.me,available,,,high,high,9,,,,
a956946c-37d1-42ca-8a07-613b4b75f082,parentlike.me,available,,,high,high,10,,,,
2deec83d-2432-4962-9309-485c6f3ad435,clubnight.me,available,,,high,high,10,,,,
ada13628-c009-4894-a172-e41c02505ecf,duvetyne.me,available,,,high,low,8,,,,
8e813a91-4725-4bb4-9cc6-ddad0eaca8e0,confusion.me,premium,1667.5,27.99,high,low,9,name.com,,,
0327158d-44c8-42d9-896e-43904d744ca3,fingerpainting.me,available,,,high,high,14,,,,
10dfc3cd-48b4-46bd-a056-fbc432b78d23,liechtensteiner.me,available,,,high,high,15,,,,
08bfe367-7439-4c05-afb5-e570350140cc,dowery.me,available,,,high,high,6,,,,
9943925f-3877-4151-94f3-a09dd2b034b4,inhalation.me,available,,,high,high,10,,,,
1b53fbb7-6945-41ab-b4d7-3f58d8877f09,illumining.me,available,,,high,high,10,,,,
c798f549-f0c4-440c-98f1-117dd6d17284,inheritance.me,resell,,,high,high,11,Dynadot Inc,10/07/2008 03:30,10/07/2027 03:30,26/09/2026 06:52
1cfaf4c9-cbc0-4736-9ddb-6e3c3eb433bc,buccanier.me,available,,,high,high,9,,,,
0f2cced4-df89-45db-b5b4-9cdb845c42d6,enacting.me,available,,,high,high,8,,,,
21c5e055-4895-4903-acb6-445a92d76a69,blackmailing.me,available,9.99,19.99,medium,low,12,namesilo,,,
cbd36d75-7a57-4bec-832a-0d5b980f81ba,triumphal.me,available,10.98,23.98,high,low,9,namecheap,,,17/08/2026 19:54
fd11dde7-f98d-4e6e-aee2-aa462ac40c09,preposterously.me,available,,,high,high,14,,,,
867a0cd5-893e-4ff7-bbcd-8b97a97bf341,shalwar.me,available,,,high,high,7,,,,
136f9946-4205-4d71-aae6-86f533fa20c1,tactful.me,available,9.99,19.99,high,low,7,namesilo,,,22/08/2026 15:49
f7f51af5-c567-4897-8cf8-0999caf0140f,outstripping.me,available,,,high,high,12,,,,
f7170328-d55f-4bd7-a843-be81e3bcf844,block.me,resell,,,high,low,5,"GoDaddy.com, LLC",13/09/2008 16:57,13/09/2027 16:57,26/09/2026 04:29
bc66ee54-6723-4628-8f22-11a783d0c9f4,treasury.me,resell,,,high,low,8,"Spaceship, Inc.",26/07/2008 17:03,26/07/2027 17:03,26/09/2026 09:45
9eaf24dc-b93c-4570-bb7c-35ad3f59aa3a,maturity.me,available,10.98,23.98,high,low,8,namecheap,,,17/09/2026 10:27
ad242d00-5834-4bb9-810b-4584a5399c4f,member.me,premium,3750,,high,low,6,name.com,,,
270ef43f-d9f0-4837-b478-c9bebfa1d165,julius.me,resell,,,high,low,6,"GoDaddy.com, LLC",20/01/2010 18:50,20/01/2027 18:50,27/09/2026 18:53
8195a147-1cd8-4f71-b24c-30b93c826376,can.me,resell,,,high,high,3,West263 International Limited,29/04/2008 17:59,29/04/2027 17:59,26/09/2026 04:44
bd435aa7-ee1c-42e4-9403-64e0d1a24da3,thumbed.me,available,1.98,23.98,medium,low,7,namecheap,,,11/09/2026 15:04
f6692a23-3485-45a9-82c3-f37605135305,beltfish.me,available,,,high,high,8,,,,
5a164327-c0a1-4caa-b74c-d9ff0c258d15,invoking.me,available,,,medium,low,8,,,,
fa63a097-68b4-4499-94b6-3649649e7f5d,baconed.me,available,,,medium,low,7,,,,
822dc297-d17c-417b-991a-43dc3a41a4d2,exportable.me,available,9.99,19.99,high,low,10,namesilo,,,17/08/2026 18:35
bac504c5-9a2e-4357-8221-ffbc50f39354,salzburger.me,available,,,high,high,10,,,,
6b2c4a19-534c-4741-b3e4-46c245d63a17,socialization.me,available,,,high,high,13,,,,
49b7379a-a941-496b-9269-b37d9fa4f4bc,aurangabad.me,available,,,high,high,10,,,,
3ff0986b-4b61-4dea-8c01-436243cf57e8,knightage.me,available,,,high,high,9,,,,
6e3fab84-6dab-4505-a9a5-d3746661891b,elasticin.me,available,,,high,low,9,,,,
653c4002-ea8f-469f-a781-b3b86203463e,selfthinking.me,available,,,medium,low,13,,,,
cf0625e3-1b30-4ac8-afdd-4870351b7ea2,anklebone.me,available,9.99,19.99,medium,low,9,namesilo,,,19/09/2026 09:43
e0d40672-4c39-43f5-b51a-69c671602510,particleboard.me,available,,,high,high,14,,,,
540cabe9-3ced-4b47-93f6-01d9027fdd74,churchillian.me,available,,,high,high,12,,,,
1e90493d-7205-4b5a-a170-d4dd08dd5df6,headlike.me,available,9.99,19.99,high,high,9,namesilo,,,21/08/2026 01:54
3451aa97-a8c2-40a2-9c0f-95441af780f3,albacore.me,available,9.99,19.99,high,low,8,namesilo,,,18/09/2026 02:21
f8eaa58e-87e5-449e-a209-19c5c3fbdcdf,breadmaking.me,available,,,high,high,11,,,,
f81f7f34-bb65-4c9d-8674-b39fe5853238,chemistry.me,resell,,,high,low,9,Dynadot Inc,09/07/2008 17:02,09/07/2027 17:02,26/09/2026 04:53
df717833-890b-49a0-80f4-c4397442c2b8,keg.me,resell,,,high,high,3,Dynadot Inc,13/12/2020 14:30,13/12/2026 14:30,26/09/2026 07:04
2386036a-74cb-4022-a9e8-89673871f40f,lovingness.me,available,10.98,23.98,high,low,10,namecheap,,,11/08/2026 19:18
cac9b36a-0c9f-44fd-912f-ad8b5a8ff502,elliptical.me,available,9.99,19.99,high,low,10,namesilo,,,15/08/2026 18:01
9fbcd919-938a-4363-a9cb-0a19323c582b,solutions.me,resell,17248.85,27.99,high,low,9,Dynadot Inc,09/07/2008 17:08,09/07/2027 17:08,26/09/2026 09:09
228b6dc0-4e9d-461c-a043-d19856da257f,whir.me,resell,,,high,low,4,"NameSilo, LLC",12/09/2026 13:58,12/09/2027 13:58,26/09/2026 10:08
4cc51136-f31a-455c-8f74-45c8f93974bf,melodically.me,available,,,high,high,11,,,,
c528b6a3-58d9-4047-ba84-cacb2526f31e,macrotext.me,available,,,high,high,9,,,,
90b41ae3-a953-46b6-96be-8fdaac1bede7,raptores.me,available,,,high,high,8,,,,
cf042f82-7947-478d-bf08-e614d849baca,hymn.me,resell,,,high,high,4,Dynadot Inc,10/12/2016 01:06,10/12/2027 01:06,26/09/2026 06:46
a0c6fc13-cf15-4abe-b925-f0429f93f0bb,durian.me,resell,,,high,high,6,"GoDaddy.com, LLC",22/03/2011 05:28,22/03/2027 05:28,26/09/2026 05:43
b4545ffb-2f4d-4c11-b7de-ddebc0b3de52,sponsors.me,resell,,,high,low,8,Dynadot Inc,20/09/2016 01:06,20/09/2027 01:06,26/09/2026 09:13
5a3cc20d-1f79-4c60-b2ad-4e6b3118d3f2,wardswoman.me,available,,,high,high,10,,,,
80f23a15-9f5f-47d9-bdee-65aa6b2791c2,laminal.me,available,10.98,23.98,high,low,7,namecheap,,,22/08/2026 19:09
3f2716e7-4ff1-403d-86b3-1563b5c6c0ca,slouchy.me,available,9.99,19.99,medium,low,7,namesilo,,,19/09/2026 04:23
e617f3d6-d3cf-4e98-8acb-eb3baed1ae72,vetting.me,resell,,,high,high,7,"Name.com, Inc.",07/01/2017 02:01,07/01/2027 02:01,26/09/2026 09:58
a914eece-0602-484c-8867-146f33992340,exhibition.me,resell,,,high,low,10,"Spaceship, Inc.",21/08/2023 17:00,21/08/2027 17:00,26/09/2026 05:56
6b3ddbf1-48b0-46be-b6b9-084e071cd5f1,unturned.me,available,1.98,23.98,medium,low,8,namecheap,,,12/09/2026 21:54
33d53478-0c63-4d3e-b2ec-e38791716f06,remainders.me,available,,,medium,low,10,,,,
a057f1ec-cb09-4fa7-9d81-f6d019058543,pyloric.me,available,1.98,23.98,high,medium,7,namecheap,,,09/09/2026 06:52
96246cc4-870c-422f-b0db-f4ee8ea07443,viviparous.me,available,9.99,19.99,medium,low,10,namesilo,,,24/08/2026 07:53
cb69366b-d2a0-4ab1-8c14-ea300fc79474,fickle.me,resell,,,high,low,6,"Spaceship, Inc.",21/11/2025 18:01,21/11/2026 18:01,26/09/2026 06:04
c72c126e-7676-4ad4-8a34-436a13eef039,preempting.me,available,,,medium,low,10,,,,
3a0a2177-13b8-4bee-9ad9-05915089275a,staniljub.me,available,,,high,high,9,,,,
502eb70a-27dc-4ae5-9554-9795cb841e37,custard.me,resell,,,high,low,7,Alibaba Cloud Computing Ltd. d/b/a HiChina (www.net.cn),06/06/2026 06:43,06/06/2027 06:43,26/09/2026 05:23
74277194-30c4-488c-90c6-b349cb227e51,laze.me,resell,,,high,medium,4,Porkbun LLC,29/12/2025 05:51,29/12/2026 05:51,26/09/2026 07:10
187f2e25-ad42-4271-88d0-845b988789a6,wintertide.me,available,,,high,high,11,,,,
4cc2a6c8-46e9-48cf-92ca-504dcf56abe1,adulation.me,available,9.99,19.99,high,low,9,namesilo,,,17/09/2026 10:04
2a591c00-170d-4392-8587-3d51a6bfd273,originals.me,resell,,,high,medium,9,Dynadot Inc,21/01/2020 01:07,21/01/2027 01:07,26/09/2026 07:56
92df18e4-771a-4c2f-b54e-735a2531dea0,kennels.me,available,9.99,19.99,medium,low,7,namesilo,,,26/09/2026 07:04
4da31b46-2fd4-4a54-a7f7-ee7595525eff,nanoenzyme.me,available,,,high,high,10,,,,
81948a5b-070a-47e3-a62e-0ed2e04d1ec1,catkinate.me,available,9.99,19.99,medium,low,9,namesilo,,,11/08/2026 22:09
4aa2285a-dc23-4b1a-b85d-1f6eb8d1932a,preciously.me,available,1.98,23.98,high,medium,10,namecheap,,,09/09/2026 01:14
28af67ea-345e-46f1-8f71-74b1c6df0bd6,schoolchild.me,available,,,high,high,11,,,,
4064bdcd-81a4-4d2b-b5f2-ef5f9a683de9,nwav.me,available,,,high,high,4,,,,
b37e1f88-0a6a-4a51-9a72-fff5a1da0f62,sacrifice.me,resell,,,high,low,9,Tucows Domains Inc.,17/07/2008 15:15,17/07/2027 15:15,26/09/2026 08:46
4b32c76d-03e0-4d07-bc2e-da9d82914914,columnar.me,available,10.98,23.98,medium,low,8,namecheap,,,12/08/2026 18:14
bcf12355-45ca-4b34-91fc-c3b78f99a309,underwritten.me,available,,,high,high,12,,,,
7bd0e6c8-ef48-42be-ad05-c43b15134cfb,proposes.me,available,,,medium,low,8,,,,
b44579bc-30f9-4d8f-837a-cb7dc927e794,rhodonite.me,available,,,high,high,9,,,,
670b048f-1297-4c08-aac9-8cc2eb00ffdf,crafty.me,resell,,,high,low,6,"GoDaddy.com, LLC",09/07/2008 17:02,09/07/2027 17:02,26/09/2026 05:18
ba34ec69-6eff-4780-8150-5b3e675e2def,usance.me,available,10.98,23.98,high,low,6,namecheap,,,13/08/2026 12:25
88908d3f-3ba6-4fac-a299-a8110d3a76c8,augeas.me,available,10.98,23.98,medium,low,6,namecheap,,,21/09/2026 03:15
5657c547-ca8c-4598-953f-16a0fced8526,valerie.me,resell,,,high,low,7,Dynadot Inc,14/08/2012 02:35,14/08/2027 02:35,26/09/2026 09:56
381378d3-42ab-482a-b29f-90edf65a98a1,eruption.me,available,10.98,23.98,high,low,8,namecheap,,,24/09/2026 15:18
1f787f7e-c016-4519-8323-a9914362a6e5,omnivore.me,available,,,high,high,8,,,,
b77db1d4-aa8e-4f81-aeba-6ec64b53d541,mastless.me,available,,,high,high,8,,,,
469790a7-b5b4-4a5c-a1a9-86bed969c09e,rentable.me,available,,,high,low,8,,,,
5039e113-6a59-4177-9dcc-80116504bfc5,clastogenic.me,available,,,medium,low,11,,,,
62058b71-9cbb-4368-9bde-3dbeb1758402,wintergreens.me,available,,,medium,low,12,,,,
3ebc3e90-775a-4466-81aa-982213fa6647,scenario.me,resell,,,high,low,8,Dynadot Inc,10/02/2016 07:03,10/02/2027 07:03,28/09/2026 06:43
182652f8-62aa-4e81-a77f-d5ed813e3465,rowed.me,available,,,high,low,5,,,,
d0cb1b28-2be6-40cb-81c3-b8dd210704e4,merchants.me,resell,,,high,low,9,"GoDaddy.com, LLC",30/01/2015 05:02,30/01/2027 05:02,26/09/2026 07:31
f5d21257-8e67-4ccf-92a2-4bc302242254,logistic.me,resell,,,high,low,8,"Sav.com, LLC - 34",08/04/2026 15:15,08/04/2027 15:15,26/09/2026 07:17
52697c3e-cbdb-4e91-967a-2b25826eb5d7,fluffiness.me,available,,,high,high,10,,,,
0bf7b6be-dc82-407b-96d5-eeb3e28f81d4,neuromodulator.me,available,,,high,high,14,,,,
c8b1d701-27e4-433f-a636-6bfa61d81db9,inharmonic.me,available,9.99,19.99,medium,low,10,namesilo,,,14/08/2026 10:54
ce426094-7a1d-433c-b5ab-f6363c604cf2,volley.me,resell,,,high,high,6,Dynadot Inc,14/04/2019 08:02,14/04/2027 08:02,26/09/2026 10:02
378ce650-fd79-4979-89bf-d8e05f3b373d,draftsmanship.me,available,,,medium,low,13,,,,
5856426f-7618-4188-b642-6172b4b60dd9,skeletal.me,available,,,high,low,8,,,,
641056f6-2f57-423e-8aa9-ba061d8c9c8b,horoscope.me,resell,,,high,high,9,"GoDaddy.com, LLC",16/08/2008 18:45,16/08/2027 18:45,26/09/2026 06:43
9c603b5b-388e-461d-ab6a-fb1ed0fa254e,nonaddicting.me,available,,,medium,low,13,,,,
00a14662-5fb7-44fb-9c7b-aeff5d4977a0,quadruplex.me,available,9.99,19.99,high,low,10,namesilo,,,18/08/2026 13:26
4177286b-839c-4710-ae3b-ab91336218dd,godzilla.me,resell,,,high,medium,8,"Sav.com, LLC - 6",21/09/2025 15:15,21/09/2027 15:15,26/09/2026 06:25
19ed5ce9-b63c-4d46-9c15-5d027525d4f8,daughterly.me,available,26.99,27.99,high,low,10,name.com,,,13/08/2026 18:46
455c66cc-456a-42a3-b710-c5bb6d7a2013,countdown.me,resell,,,high,high,9,"GoDaddy.com, LLC",22/07/2008 21:33,22/07/2027 21:33,26/09/2026 05:16
d3100157-d960-4b81-8a7b-827e8d853af2,dungaree.me,available,,,high,high,8,,,,
03ac7f2b-1f13-41f6-b8ae-0e191e52f126,descends.me,available,,,medium,low,8,,,,
b9879dc0-bf37-4ffe-a991-d631a9e745c2,dispenser.me,resell,,,high,low,9,Alibaba Cloud Computing Ltd. d/b/a HiChina (www.net.cn),06/06/2026 06:49,06/06/2027 06:49,26/09/2026 05:36
35ff8fd8-a4df-4e12-b8ba-cdb1ecd7a9d8,listserver.me,available,,,high,high,10,,,,
b7c1e93c-270f-4690-be75-d3d6137ef308,advisability.me,available,,,high,high,12,,,,
6124e8f7-c28f-434f-b8f3-4b5bbcd7df74,darkening.me,available,26.99,27.99,medium,low,9,name.com,,,13/08/2026 18:10
0d7ce6d7-607f-4e29-8c0f-1a0b6eb300f5,apiece.me,available,9.99,19.99,high,low,6,namesilo,,,14/08/2026 22:12
e4c0d8a1-09e9-4028-aa96-ea97de88b070,completive.me,available,,,high,high,10,,,,
aeccfbc3-b0c9-4400-82b7-296994154615,basiliscus.me,available,10.98,23.98,high,low,10,namecheap,,,22/09/2026 10:53
fdf937fe-cc58-4176-82ba-4aa71f8b42e7,sutras.me,available,,,high,low,6,,,,
a4cf3641-5fb2-4a60-804f-30b54065893b,benzene.me,available,9.99,19.99,high,low,7,namesilo,,,23/09/2026 08:52
972096d0-58d7-44d3-8951-2d6863d95b6e,tomboys.me,available,10.98,23.98,medium,low,7,namecheap,,,20/09/2026 23:15
cd6c5a87-52ed-46c9-9c98-7220da7f7f76,samurais.me,available,,,high,low,8,,,,
f4903533-c66f-4d90-96a7-61d357cc4318,monoplegia.me,available,,,high,high,10,,,,
d159dff0-0658-4da6-8ccb-98735527dd48,rebut.me,available,,,high,high,5,,,,
9e37b4ab-a400-476c-9d62-cdeeacdcd6f3,acarpelous.me,available,9.99,19.99,medium,low,10,namesilo,,,
d1bc3ac8-d302-49d6-950c-4f2a80e11e80,mudskipper.me,available,,,high,high,10,,,,
32525d4a-4514-4005-84c7-9511173a60fa,perpetuating.me,available,,,medium,low,12,,,,
f36a7d84-a7d5-4209-81a3-d1ef6b79af99,ateso.me,available,,,high,high,5,,,,
33c18c9f-85f4-4e4b-8b13-b71bf2e82404,course.me,resell,,,high,low,6,"GoDaddy.com, LLC",29/04/2008 17:59,29/04/2027 17:59,26/09/2026 05:17
92384182-5887-43c2-9134-7afc5209b3d4,hermitize.me,available,,,high,high,9,,,,
a4aa7287-26ef-4da4-9c6d-0e63fe8b69e3,guarantee.me,resell,,,high,low,9,"GoDaddy.com, LLC",15/08/2008 16:54,15/08/2027 16:54,26/09/2026 06:31
b86d5a81-d324-498f-ab9f-6c8449ed7b0b,axial.me,resell,,,high,low,5,Dynadot Inc,29/07/2016 01:11,29/07/2027 01:11,26/09/2026 04:11
3f1c004c-4a1c-4a07-b2fb-f467d6dd96f5,cartoonery.me,available,,,high,low,10,,,,
b9fac5ce-3320-416c-81d8-52bf7120c145,sitemate.me,available,9.99,19.99,high,high,8,namesilo,,,25/09/2026 14:03
3cf0f9c0-3157-4530-ab2a-c0e08292fcca,elizabethton.me,available,,,high,high,12,,,,
b444b29b-7bbd-41a0-87e4-3149486c39a7,armbar.me,available,9.99,19.99,high,high,6,namesilo,,,24/09/2026 08:22
03b5dc7e-37a5-4b66-82af-62b92837a2c5,underwriting.me,resell,2298.85,27.99,high,high,12,Dynadot Inc,03/02/2014 02:35,03/02/2027 02:35,26/09/2026 09:51
994f5ddf-3ed8-471b-909f-0dd9b3e020ba,orangoutang.me,available,,,high,high,11,,,,
69a18050-bf10-408d-a1f3-6b7f34fc1c67,antipathy.me,available,9.99,19.99,medium,low,9,namesilo,,,19/09/2026 14:53
479cbdbe-056f-4da6-ab11-890bb2a21c1d,stutters.me,available,,,medium,low,8,,,,
c386dd83-6eee-4446-a83a-bf2428608b03,gordias.me,available,,,high,high,7,,,,
ac26d4b0-13ae-49db-ad2c-5b48bd27add6,intensify.me,premium,177675,27.99,high,low,9,"Name.com, Inc.",30/10/2010 02:53,30/10/2026 02:53,12/08/2026 19:29
02fc147a-867f-4a2d-9670-8316787e5fe0,kitchenwares.me,available,,,medium,low,12,,,,
766b6277-3c01-4be8-9daa-372d39eee075,forcible.me,available,9.99,19.99,medium,low,8,namesilo,,,18/08/2026 11:19
a234d338-cfb5-4b21-b381-a580143d8826,wheatfield.me,available,,,high,high,10,,,,
427e57ee-907e-43b6-b385-e46206a6af58,surest.me,available,,,high,low,6,,,,
06e0d604-7e03-4bc1-ab26-88e21dc927d7,couponning.me,available,,,medium,low,10,,,,
2f019e93-6064-4cc2-902e-76344facf51e,nicknamed.me,available,,,medium,low,9,,,,
cf01aaac-9cd5-405d-8092-47da59020ee2,neologisms.me,available,,,high,high,10,,,,
a2a82bd5-9421-4f17-8443-d551fe485528,grandmaster.me,resell,,,high,medium,12,Dynadot Inc,20/08/2008 10:15,20/08/2027 10:15,26/09/2026 06:28
ad4a44d3-4c84-4c5e-b510-bc3736e31427,hindquarter.me,available,,,high,high,11,,,,
6ae1edac-cc66-443d-8572-69749d014a9b,leafcutting.me,available,,,high,high,12,,,,
68140bfe-adfb-4c35-9920-196732741edc,simpleness.me,available,9.99,19.99,high,low,10,namesilo,,,24/09/2026 13:51
2fcb06d9-63df-476f-9b22-dbe159591b1b,fisherperson.me,available,,,medium,low,12,,,,
f24229c2-a0f9-4b84-a0a2-ddcd42a24273,copious.me,available,,,high,low,7,,,,
69916f75-a731-408e-a310-98ec5f3ca50c,latinist.me,available,,,high,high,8,,,,
d2748591-7496-424a-b411-9778d15788a6,speediest.me,available,,,medium,low,9,,,,
33d185d7-05d3-4c43-a636-90bf4c0fa0cd,animately.me,available,,,high,medium,9,,,,
8fa691ab-3f42-4eb3-b432-709c08a8e872,indomitably.me,available,,,high,high,11,,,,
e0666ed5-c87f-4f91-b630-d416e27c3229,irreproachably.me,available,,,high,high,14,,,,
e7a7ae51-5aa3-4fbb-a6a6-dd58916c6742,unlatched.me,available,1.98,23.98,medium,low,9,namecheap,,,12/09/2026 01:38
513f569f-3a03-4d28-8d9d-91d22be9f54d,curette.me,available,,,high,medium,7,,,,
598dfea1-0fea-48d2-a719-043ee59b4a72,azo.me,resell,,,high,low,3,"Spaceship, Inc.",26/01/2025 08:44,26/01/2028 08:44,26/09/2026 04:11
fc85880d-66e3-492f-9587-db3d8f3acfdb,moldboard.me,available,,,high,high,9,,,,
5e759dd0-f7df-4b16-8a41-8a5663584486,generical.me,available,,,high,high,9,,,,
f418e92a-d3d2-42e6-97d8-b05e84b29349,christens.me,available,,,medium,low,9,,,,
c6da338e-b09e-4ba5-b767-fe3ae8fc3098,bermuda.me,resell,,,high,high,7,"GoDaddy.com, LLC",09/07/2008 17:02,09/07/2027 17:02,26/09/2026 04:22
f43c575b-140b-45a2-9913-5f40d15cbe49,chocolaty.me,available,,,high,low,9,,,,
19f686a2-2610-4066-9706-ba55c7443716,cinque.me,resell,,,high,low,6,Dominet (HK) Limited,25/06/2026 13:34,25/06/2027 13:34,26/09/2026 04:56
5fb7f938-8c59-40d6-a9cf-271fa1691c20,drywalls.me,available,,,medium,low,8,,,,
19fbb71b-fd1a-468a-a7db-f28d4bc70404,herein.me,available,,,high,low,6,,,,
8c4fe63f-01cd-4d05-b2c3-0dc0e0ccc758,ecological.me,resell,,,high,low,10,"eNom, LLC",22/02/2026 07:45,22/02/2027 07:45,26/09/2026 05:45
e08813e5-e674-4278-b6aa-a8477ff3ed4f,harmless.me,resell,,,high,low,8,Alibaba Cloud Computing Ltd. d/b/a HiChina (www.net.cn),06/06/2026 06:29,06/06/2027 06:29,26/09/2026 06:35
bc4a9891-6c86-4968-ba29-fcf07f283196,bowfin.me,available,10.98,23.98,high,low,6,namecheap,,,18/09/2026 21:19
f6f9e840-8e94-4c20-b956-7619dbcb2c7f,grasp.me,resell,,,high,low,5,"Spaceship, Inc.",03/10/2011 02:36,03/10/2027 02:36,26/09/2026 06:28
35a79ba6-03ca-40c8-b118-636b3c288d74,wifie.me,available,9.99,19.99,high,high,5,namesilo,,,25/09/2026 04:53
468c063b-0360-4e8b-8ce1-ba4563eed1b4,voted.me,resell,,,medium,low,5,"Spaceship, Inc.",30/11/2025 17:07,30/11/2026 17:07,26/09/2026 10:02
1de03687-55c2-455e-bbd1-0f2bcd1c36a3,locatable.me,available,,,high,high,9,,,,
4cc00fce-6ad1-47e7-b043-7d110d23baed,carbine.me,available,,,high,high,7,,,,
113fe76f-79b0-47a5-a458-d803d146c492,extralegal.me,available,10.98,23.98,medium,low,10,namecheap,,,17/08/2026 19:14
b3cae8a5-d08a-48f9-863e-dc7ecc3bd4e9,bubbliness.me,available,,,high,high,10,,,,
d0bfdf72-d672-4f2e-8ab2-2f70afa52ce5,chaperoneship.me,available,,,medium,low,13,,,,
a5f47636-f25d-4102-bdbb-ff97de5ce640,salaried.me,available,10.98,23.98,high,low,8,namecheap,,,12/08/2026 19:23
ba6c0bc5-3c5e-4a57-ab17-89b245aaabc7,hydroxysultaine.me,available,,,high,high,15,,,,
9adf71c4-de5a-4d55-b2bf-7d71c6f3a926,contortionists.me,available,,,low,low,14,,,,
eeddf086-9e98-4ba9-ab12-434cf89257a8,meshing.me,available,9.99,19.99,high,low,7,namesilo,,,22/08/2026 08:10
50d7ea96-029b-4b8b-a470-5632e90d04bf,atrocity.me,available,9.99,19.99,medium,low,8,namesilo,,,21/09/2026 00:49
e046d7f7-619a-4849-825e-d7b3e2c5e32b,hallways.me,available,,,high,low,8,,,,
c17fdb9b-d082-46e6-a4fe-8f02b9a29ea3,amity.me,resell,,,high,low,5,Dynadot Inc,01/03/2010 13:45,01/03/2027 13:45,26/09/2026 03:50
05933132-e202-459f-b89e-ac560a252795,modiolus.me,available,,,high,high,8,,,,
00b0903a-2f09-4228-852b-095d4d0f4903,eyeglasses.me,resell,,,high,high,10,Dominet (HK) Limited,30/06/2026 04:48,30/06/2027 04:48,26/09/2026 05:58
dd16b84f-5848-41b2-a802-94c9b2a1b00c,springtide.me,resell,,,high,high,10,Dominet (HK) Limited,25/06/2026 13:31,25/06/2027 13:31,26/09/2026 09:14
9abad768-bfd1-4115-8026-187b40fe211d,lionlike.me,available,,,high,high,8,,,,
4d40c657-7ab9-48ee-87d6-30668b399f7a,absolue.me,available,,,high,high,7,,,,
02849321-efc8-4c2d-835b-1118406a3a61,eastbound.me,available,,,high,low,9,,,,
582e1f21-1cc4-4841-8c30-1744a1f4f091,marzipan.me,resell,,,high,high,8,Dominet (HK) Limited,25/06/2026 13:18,25/06/2027 13:18,26/09/2026 07:27
957bd492-33b6-46ad-9aff-b61850c42ce0,errand.me,resell,,,high,high,6,"Name.com, Inc.",22/06/2016 02:39,22/06/2027 02:39,26/09/2026 05:53
da2bfc75-1a95-4041-948d-824f49b1267b,sneering.me,available,1.98,23.98,high,medium,8,namecheap,,,10/09/2026 12:32
fd2b1998-198d-47bc-bfe7-e6215ab88923,shimmering.me,available,,,high,high,10,,,,
d291ab52-f692-46f2-aa03-f16621378ead,colas.me,available,,,high,medium,5,,,,
8ff40a03-1db0-486a-9ca6-a92d0bd77ae9,playstyle.me,available,,,high,high,9,,,,
2ed4abc8-0e0b-4831-aa1a-138391f9b8c0,nizhnevartovsk.me,available,,,high,high,14,,,,
40913c1b-8742-41aa-b341-7a79173127e1,westmin.me,available,,,high,high,7,,,,